sample_id,z,y
1813660,1,5.908742187059532
3399518,1,1.119015011043032
1231827,1,0.6295918715808612
560587,1,1.3743679178400312
1032994,0,1.574423883758822
237945,1,1.6092399546252807
1074035,1,6.902892033751911
3918502,0,1.4062210900367516
832046,1,1.2382996935935653
2460856,1,1.2277440798209116
2679033,1,0.8892660142995039
1455217,0,0.18351626289631107
1716059,1,1.8251286280970673
1194386,0,1.2906187870625032
1587404,0,1.154844057783446
3129882,1,1.2709796713944375
2477848,0,1.0395274957834117
1308807,0,1.1664336546652097
3066480,1,1.924253170401225
1943195,1,0.41558971673999523
2921546,0,1.263831067978095
2742098,0,0.9689248880707383
1157363,1,6.783526085550406
320246,0,1.0338001224251376
2999913,0,0.9948054579911153
708341,1,1.341673611943778
820106,1,1.5165992303591314
601676,1,0.772319670546814
2625577,0,1.8116244258777103
2704222,1,0.9304594681155185
2760769,0,1.6099116861593799
2689529,1,0.7011034793171199
1807106,1,6.752562484888362
411285,0,0.7515571968184225
638427,0,0.7770505785879422
1012796,1,1.078016024978187
523765,1,0.6679427637118955
2279121,0,1.246346847049424
259437,1,1.5173575941770627
3033737,1,1.256575899076129
1400821,1,1.382320034504745
666246,1,0.33769031187511145
1092391,1,6.6493037648878195
2427627,1,1.3617077029581959
936779,1,0.9819673448293755
3444050,0,1.1345061119404185
2735384,0,1.2804328957785114
1978200,1,0.7684505338612599
906859,0,0.6600472533913202
2891666,1,1.0241510821162534
3748478,1,0.5969158980026714
3398024,0,0.5413274056804303
2192545,0,1.7021980881556749
2662517,1,1.253253005509009
1556499,0,1.260874222952858
715731,0,0.6894612532607267
3283363,0,0.7952024837029021
2185567,1,1.1787344925094492
1878832,1,6.294876437283373
3785955,0,0.9857652491419704
1155199,1,6.3749944378728225
1719177,1,0.7299418189390154
3282743,1,0.9909090256604114
3200591,1,1.1902591583968714
3521647,1,1.9766286505436597
218652,0,0.8777324551570929
3900217,1,1.9060986632940358
2106255,0,0.714535159200647
2760059,1,6.689721509430161
3445783,1,1.0022187739343253
2476957,0,1.957048415763521
3302363,0,0.921141283914507
208761,0,1.7535511446366274
3194617,1,1.4301181912609406
2509617,1,1.2970482041629512
690889,0,1.01032674056139
932690,1,0.9652460361535649
2572932,0,1.4208313300247435
2529667,0,1.14978568172487
1108800,1,6.791057201350533
2779143,1,1.0822880213578108
245996,0,0.4927866189471134
2837332,1,1.2298064628821561
3036318,0,0.7618662185363854
698304,0,0.5004161827671499
3242701,0,0.7029346458912915
3067030,1,1.689797614227831
1129635,1,7.234655964358802
259412,0,0.8570444570425939
3757467,0,0.49889745115930884
238513,1,1.0992097056842165
442771,0,0.6896477315175553
3346099,1,1.807833883361691
1017445,0,0.7135348567832386
1452618,1,0.3416316448969592
835642,0,1.221980030742643
3197555,1,0.9651573371500508
2268211,0,0.9941185543971574
3665386,0,1.0456979470263177
237688,0,0.9423344756604936
2928012,1,1.6063961338187993
3077021,1,1.4935673854242955
317318,0,1.445795449219093
3732007,0,1.0152664812658843
2015552,0,1.1905557014245851
3306573,1,0.3458978754301002
3335054,1,1.4097512720566252
1151664,1,6.5377325052278445
2585556,0,0.8600457503598296
909798,1,1.1446807192950526
3950687,0,0.8086124272523373
2571574,1,1.0744327485712937
2629943,0,0.20020335709758563
3148877,0,0.810611967844125
1521080,1,0.17262083644250525
3337137,1,1.294547997787982
880635,0,1.0890538593930588
3943438,0,1.7007059791443058
2438172,0,1.857563299983655
2904974,1,0.9044858987576633
1885515,1,6.675059419582276
616091,0,1.2658925960117984
1529100,0,0.7935585311758642
2488557,0,0.7283360606886753
1289161,1,0.8462444242658775
3730957,1,0.8396034315755195
523607,0,1.7750581720055658
3113927,0,1.0539120895785703
525025,1,1.677047980201664
2696004,1,0.731420647969014
3190048,1,1.3028939122253447
3052504,0,0.6611699626077223
3760946,1,1.5292320150858991
2605664,1,1.0215457467777131
3236500,1,1.0565867553254051
2398890,1,0.5830456194674646
436574,1,1.2417175399823037
3684568,0,0.9805183701841897
597704,1,1.6563030923098387
2929561,1,1.2707533926471148
1411039,1,0.85661853320481
1153845,1,6.90804913673402
2623049,0,1.2875139243602438
2064112,1,0.9030054087704995
3391260,0,1.31877181183736
1364219,0,0.8426186501380515
384054,0,1.0866548808179561
2782777,0,1.0689297637890274
1307320,1,0.9678951563483474
3952551,1,1.0711386855220277
351393,1,1.4146424213721116
203399,0,1.226968353788061
3423223,1,1.1466945601229983
2860629,1,0.8836741320969097
802117,0,0.8906554764618133
3863161,1,1.4013082670725407
805071,1,7.005819672960204
3669051,0,1.0564834442443947
434703,0,0.9843106255764664
1942990,1,1.8371805214266712
2930167,0,0.47397556164707244
497916,1,1.3611448458748283
2030584,1,0.9191516255079476
3839897,1,1.8928320540460915
2708087,1,1.1916521052360531
3009523,0,1.1503660788298622
374775,1,1.4421698450938392
312909,0,0.4350172169266874
1394327,1,1.43137575192257
3891451,0,0.6609447972479019
3662593,0,0.9424286360104501
3712560,0,1.4337630661768845
2985557,1,0.8040480872067445
3288992,1,0.39815147817301
2887684,1,0.6916576813541961
3736608,1,0.8863627017515361
2479568,0,1.1311146205104363
684087,0,1.2811368087540016
2940381,0,0.8941168538417488
1398301,0,0.9122761930385659
355959,1,0.9716337749033632
3958598,1,1.5760668373557958
3715804,1,1.2920547543120988
2480297,0,0.8427532785145022
2799140,0,1.1369254995566656
1040898,1,6.920109281455286
2178360,1,0.6912850184356947
2281759,1,1.4564876221832626
1070135,1,6.244608595402509
658761,1,0.5183760470636094
254354,0,1.5397001884089336
1253355,0,1.2605477405660837
651351,0,1.3978254468924267
3293150,0,1.7432761204123524
2029661,1,0.6881431975919057
811894,0,1.937675038738497
3278111,0,1.050215164171444
2191325,0,1.2872346721806727
2975834,1,0.5394795868558404
2742444,0,0.8896119958628268
1095716,1,6.4268552242533845
1167659,1,7.319463411793164
3148745,1,1.3164633177268266
3143080,0,1.0842958205749968
2727696,1,1.007841384230691
1344403,0,-0.0671681917375444
1266377,1,0.8679262890421027
232398,0,0.41843411618434656
633328,1,1.0856711170838187
925697,1,1.5198055893286728
730474,1,0.9253778003409476
547985,1,1.012053776720727
3864394,1,1.2961777408226172
355448,0,0.9336160975860877
3331580,1,0.8291096947217494
3874199,0,1.9628543363757363
1717501,0,0.8523187190305352
3430514,0,1.0899653895093429
2806241,0,0.8680780704648692
3835455,0,0.9470917359109823
2855802,0,0.9760791597886657
1442291,0,0.4948157529496675
2204866,1,0.9580875410870655
2758964,1,0.9248703900875129
251586,0,0.9957283810772842
2055932,1,1.552409149906921
2796013,1,0.5583205674385858
443408,1,1.125136298602352
256481,0,1.1942092333942318
1363799,1,0.8419654558237363
1989019,1,0.8541350609758007
3770217,1,1.1812007019827853
482265,0,1.301669449880325
1639629,1,0.9291310436200002
3043203,1,0.5478857783368605
269206,1,0.6573005670073867
1830060,1,6.831717098228781
3513037,0,0.7542222781750938
201922,1,0.528186764963352
3303330,0,1.483368202252902
1626764,0,1.5957548793799838
3910273,1,0.4269432529446474
3869572,1,0.8564598023814339
2265942,0,1.3634542457873755
2053949,1,6.046969604158891
1542077,0,1.6404352659448567
3527755,0,1.0811471882620782
3687647,0,1.069512977674896
460101,1,0.9624824531150381
1979866,1,1.4210609401385044
1760752,0,1.053968622379228
1629704,0,1.2320726060911327
556254,1,1.3047109835488622
3715313,1,1.290182078659563
3129638,1,2.1543164384489333
1388603,1,1.6732304185730622
2807336,0,1.271882320601292
580889,1,1.262792987344058
1426153,0,0.7211680512017693
3711984,1,1.4500740342789988
1709436,1,1.3501969576401818
271711,1,1.7823632076268245
3046756,1,0.6181393733353271
3151079,0,0.9817545602411488
745615,1,0.6064192228521472
1381576,1,0.955081138386387
2844913,0,2.1850906654224596
270956,1,0.8273727516302325
3357618,0,0.8122070609104621
1821449,1,6.353558922357252
2501505,0,0.8854480876364693
2722044,1,0.7216256615946799
2539597,1,1.5264314575854812
2063056,1,0.7458123587022119
3006180,0,1.4420789864361394
661831,0,0.6352959903738982
1274446,1,1.2110790266778673
520968,1,1.0877333876331625
3377760,0,1.0666403439172327
1847144,1,6.091954131267043
1137439,1,6.733200224842238
1295573,1,1.716402228279215
447596,0,0.8761347167356046
3302335,1,1.6368694167192916
3480763,1,1.7220608347387578
310889,0,0.32978118378406074
3387622,0,0.8921027176095839
2968928,1,1.4458509472698557
973963,1,1.8577069865267828
1719749,1,1.1841734193781757
3753025,1,1.0367513209092223
690976,0,1.5181727154904268
1834083,1,6.858171913493286
3522264,0,0.4647062345901397
3359412,0,1.6830181472007477
1765864,1,1.4495547978235899
2040378,1,0.21734200681234495
238063,0,0.5353218167383723
1996023,1,0.9297007915875766
2040066,1,1.9610681400758572
611735,1,1.1247574861054601
568093,1,1.1055331273188658
1815390,1,5.853246865297816
554503,1,0.901077319902394
3776165,0,0.9238119255487869
2407313,1,1.2603123024820615
3267147,0,0.6995999675385729
2673541,1,0.8404672216264257
3117743,0,0.8703974664361565
2644913,1,0.8139428174005574
2502131,0,1.3151770973747006
1978363,0,1.058201058462233
3845131,1,2.1561906119562795
2505432,0,0.7861463268383864
2916584,1,1.8770039018237996
3288497,1,0.5554234124562876
1748608,0,0.9382883222918945
761151,1,1.176182650254232
1141987,1,6.7442315937211
3421751,0,0.9508346290663334
3667399,1,1.5318973778768368
3226338,0,1.7903318290917247
2923718,1,0.7378607768201124
981078,0,0.6531660497176723
1003659,1,0.44853801212481215
2123380,1,1.6087498890453495
3264713,1,1.2133202606064595
2157322,1,0.23366645950058773
3228650,1,1.837907746598671
1953998,1,0.8846109906656539
3297786,1,0.8264101491354848
2059492,1,0.903637362996998
469814,1,1.4745299996976629
2639396,1,0.6330924810742332
2493026,0,0.8014114032690003
3064835,1,1.1024535981591
3283776,0,0.7993971067426455
1012948,1,0.6683855091396722
3006883,1,1.67562230319017
987566,0,1.2816727424671135
3208967,0,0.7711323841311568
1229715,0,1.2278140545829037
1517060,1,0.6664336735008517
1515641,0,1.1247638812971852
231494,0,0.8352914254613955
3030019,1,0.726200823046316
3119796,1,1.8068667981956192
2442850,1,0.9634671074318195
1331482,1,1.7660654051996985
1918226,1,6.6787103875528055
2718772,1,1.4640684275711935
436164,0,0.7815184703138303
3810179,0,1.4027434168541315
2715530,1,1.2762050807828103
1453764,0,1.4488996192863823
1493488,0,1.5592785789756367
1683656,1,1.3853953210761256
3280524,1,1.2644945338534967
3542793,0,1.7050243880830367
515880,1,0.9137330545231456
635594,0,0.9915933959654438
2222661,1,0.9067090543895704
1348825,1,0.7763291229128961
2875683,0,1.5763231983221047
3032225,0,1.5456055382972438
3476600,1,1.5005781583853401
2258165,1,0.9073787228211891
1334215,1,0.901636347610286
3857831,0,1.0672442438623384
2035670,0,1.3329598328378334
3866374,0,1.5368458721902145
2741818,0,1.3119139769338488
3374579,0,1.5715170842514472
1463932,1,0.7726099683644503
518077,1,1.2252910506766432
2574850,0,-0.10212696037855218
3442007,0,0.978163280253234
3234361,0,1.360160702417497
2683546,0,0.6094566047993519
734957,1,1.2611882013385527
802027,1,1.131101089551809
3743668,1,0.6844793789234365
1560665,1,1.2682553420683076
1450855,0,1.3497174310085684
3911491,0,0.882815789456693
276186,0,1.3833838556704854
2735257,1,1.0319964758278604
3367497,1,0.7472912489748871
2414754,0,0.9512923254314032
1507431,0,0.8987705783852654
369539,1,1.0224157657633377
2654405,1,1.945854488336992
1827450,1,6.730127221461615
661094,0,1.1035149942185523
267851,0,1.0567429967871393
3941488,1,0.8860216490112913
2856092,1,1.1701929650829193
1258265,0,0.8746177976443168
2874013,1,1.0913926468355473
819199,1,0.8884327849037001
1517240,0,0.8627379709604635
1702709,1,1.2940398272704066
3099181,1,0.776383329433667
2980565,1,1.1348546009435467
1454158,1,1.456706276026035
1896770,1,7.0682493994461755
1048973,1,5.1678688387594
2672562,0,1.695655191397925
3149996,0,0.9279781536480006
1369739,1,0.7881536486931864
3520580,0,0.6506324838071843
3501241,1,0.8233068645171804
1333432,0,1.2725258582537429
3067676,1,1.2158649089292253
1472000,0,1.1715389756002659
1760112,1,1.524789208297328
279151,1,1.0852970375181765
943197,1,1.7493746926213407
587633,0,1.1775571476274374
3671155,1,0.8931955769797304
2571837,1,1.2718559253037682
3905420,1,1.5505934687638634
3215789,1,0.9278024827510378
3777936,1,0.683097145255645
562551,1,1.751210569520738
948821,1,1.2150180796268912
3519268,1,1.3691840217385145
1117714,1,6.271025743792084
880435,0,1.6395134172180834
724540,1,0.9807868397311377
2136298,1,1.2650356932839335
716750,1,1.4656249172296836
2167895,1,1.9971744994437435
1829959,1,7.718347140812847
3518316,0,1.1568685586743135
3375252,0,1.2646589911998642
3121814,0,0.05930826470526096
1269774,1,0.9319455220585006
2621831,1,0.6654101519806641
2828797,0,1.6187702170096385
1849091,1,6.357473300147832
3325014,0,1.1903032082133558
2708922,0,1.5329997250754042
649174,1,0.8649365490417085
1812745,0,12.693533029809249
3355092,1,1.4252102748633346
370431,0,0.9189047223722782
1195079,1,1.8753924003101443
3359222,1,0.5944078682614331
1859148,1,6.788850507253974
2969093,1,0.9298057091291694
1025879,1,0.8100851518052272
1789876,1,1.3345395819799037
1308357,0,0.8843640716610603
3446245,1,1.9857424811645759
2478246,0,1.1869584381854377
1534064,1,1.2695511971254156
2757457,1,0.09993670353326212
3312354,1,1.12421877812553
3656993,0,1.492404294608401
3526718,1,1.2396083468837698
1850113,1,6.843902690587851
2394393,0,1.1671168948308401
2178961,0,0.9326852797671257
2127605,0,1.2015860638889717
843065,0,1.226698913681439
921067,1,1.024942846385487
509664,1,0.9788052992028596
2036256,0,0.7683993079025531
561064,0,1.1322200277887449
3800220,0,1.2220503166948906
3519411,1,1.5793364071378158
2505064,1,0.964982525962702
1948479,0,1.3234888286236144
2460804,1,0.9620303471715366
470744,0,0.9456884045163948
1898107,1,5.617735764338772
2483721,1,1.3982106921481499
1986863,0,0.9675202649650172
2587384,1,1.3340552010039253
377474,1,0.7496598148393422
816603,0,1.3109681807009879
3692024,1,1.3614139980251678
1948845,0,1.7649373212566783
729791,0,0.9233143581467501
1404187,1,1.087383836461255
3235500,0,1.7542090483130655
2612470,0,0.5742783963686933
2769502,1,0.916768508000498
2418006,1,1.2108943485707808
310436,1,0.9758837225476358
2183070,1,1.6152282204853092
1234584,0,1.3963578919536335
1832372,1,6.359167395771628
1418225,1,1.418980789346463
3265435,0,1.4904939134441435
2754887,0,0.5191280188301696
567297,0,0.9958183986005047
395022,1,0.7479114315908582
3112420,1,0.5446190846587676
3256797,1,0.9150901341725219
2595113,1,1.3072907700500962
231225,0,0.7505644405056943
2169129,1,1.2136104436984694
602147,1,1.8449444085387974
2229884,1,1.2682175044013488
2122751,1,1.4069425361251657
2026824,1,2.146032830935458
1952314,0,1.9446472841414781
263514,1,1.4658108262685867
628096,0,0.7961298747875811
2538725,0,0.8934458854206735
2391664,1,1.5160737736917405
3663677,1,0.2533731703317431
2062436,1,1.4327872247357964
2463999,0,1.7040256868014454
3286412,0,1.0787502748093827
1121519,1,6.978377639931831
3060600,0,1.2400182616647883
3207555,0,1.1641396473808587
710878,1,1.5540872004097144
256980,0,0.643910978416073
3439216,0,1.589589598953078
3853134,1,0.6883043691440343
959241,0,1.1743656043616295
1738533,0,1.7433968132365616
378730,1,1.363632006332969
3691323,0,0.9195126338829758
3473207,0,0.40949496711008404
2980475,0,1.2050802732026755
2869238,1,1.1424144742427509
261056,0,1.1055296131916095
1610212,1,1.5539541834859103
991548,1,-0.3534859499385681
3137521,1,1.8721025595431318
2116933,1,1.260407086826476
1225558,0,1.4190665169486427
1971111,0,1.0829020498363913
2117530,1,1.0723201147088748
760761,0,1.4940980546948537
2118466,1,0.9815032203561943
1288346,0,1.1800070557138482
2863410,1,1.409354349300965
1417502,1,0.44389897128975275
1237980,0,1.1744231553702291
1875289,1,7.3466721123418735
933117,1,1.8157281935938152
1947870,0,2.0342489435343354
864482,1,1.344948811294776
3483291,1,1.5580307057503253
2853638,0,1.0196339826441003
2891033,0,1.3961136032274193
375824,1,0.9617372724598303
2998905,1,1.6708290951289624
3933479,1,0.9899421749631795
3739731,0,1.1320367552337085
1496830,0,0.8920215053918901
1849338,1,7.111386309244193
2490643,1,1.0169691798836356
825450,0,3.1067495118550816
3519530,0,1.373825907237841
1011342,1,0.8151840595953311
1371329,1,0.835365877940182
1426008,0,0.625349525924717
3674904,1,0.6441572150101427
1540856,1,1.8077023218902835
1854326,1,5.648980237753766
3234774,0,1.2379374461287356
3518855,0,1.2530535664254512
264386,0,1.3570610975115773
1962306,0,0.9562028432066976
3781467,0,1.0297118587444187
2941809,0,1.0900147684003614
590266,0,1.4264386290519837
1395636,0,1.548768954392582
1311026,1,0.7545194694048876
1077592,1,6.975823744504199
1077642,1,6.635323913200214
2133823,1,1.5161780127512567
3148386,1,1.3108577778584418
2011810,0,1.235328532660872
404555,1,1.0389905182908519
2815782,1,1.1637048141867896
1780887,1,0.8716698446370852
993497,1,0.8784088127611704
1079811,1,6.3845352437580685
3883190,1,1.1448569383410225
193893,0,1.639884331313079
3499110,1,1.9487949624768208
1148899,1,6.574059472629727
1601810,0,1.1999768469581795
1422569,0,1.0855206959963721
2908913,1,1.3468398650847917
1441030,1,1.4499646547750538
1529164,0,1.5399177109840207
815837,1,1.4768281009115092
3487901,0,0.9582181240011084
2275915,1,1.056211010640043
1980921,0,1.0157751351283237
942171,1,0.8560732115813674
3095107,0,1.2052219118402456
2931698,1,0.32250022300279013
1220006,0,0.8157534025450687
872593,1,0.38712509566829745
317966,0,1.1821027342622548
1022720,1,1.0146397954599973
904987,1,0.7873177081797595
1445786,1,1.0356134184863082
2163864,0,1.5602303450206771
2792502,1,0.9762953202349764
3153523,1,1.5265212000272288
3810488,1,1.2249880264737367
3690317,0,1.1586836874120483
1737097,1,1.3154352145186008
3141380,0,1.5623431974749962
2533171,1,0.9278580168016533
2244652,1,0.8422218591187338
361461,0,0.7535435049459004
3697425,0,1.2908519496321975
599394,1,1.5208651824064687
2579037,1,1.2711618382723016
1483876,0,0.4374462011515591
3958932,1,1.2851473576823296
3332376,1,0.9656020666683256
1151513,1,6.977994505767329
911429,0,0.9318861865037299
390475,0,1.5044560448577382
1948504,0,2.05730794860949
3862690,0,0.8688931838726861
1281713,0,0.7849538707488406
3015921,1,1.6138787659547313
3765499,0,1.2493329150161452
265102,0,0.6627357735684455
354287,0,1.7499739702690327
1512863,0,0.9478352748611744
2597744,1,1.5680996328998003
3257926,1,1.130611737610732
3922992,0,2.0706144163124325
1869693,1,5.240447223353472
3186854,1,1.3799600037556798
3950255,1,2.250969867499088
3317511,0,1.355788951277458
644746,1,0.7983474906562573
721958,0,0.7291123257723641
439524,1,0.9062412727332526
1773991,0,2.711551965722972
1147162,1,6.947807441430032
1043489,1,6.694509817872642
214737,1,0.637183140856172
2235263,1,1.19204187509534
263534,0,0.7097203012690045
2264894,1,0.8374073231497263
839000,1,1.2453843340784312
2519312,1,1.2059076399801958
1293884,0,1.8401875695909553
828143,1,1.0494550310854338
2546717,0,1.1446021347564377
2560135,0,1.9291772485032457
912572,0,0.46933558163036426
3196106,1,0.7115144636396356
1629107,1,1.3942519866670584
1346490,1,1.0949604880634431
412696,0,1.8591563558441675
3048750,1,0.2786266822781285
1427496,1,0.6443597857564136
422408,0,1.8468693823580211
645377,1,0.7402578224567598
318007,0,1.1704327469932339
442801,0,1.1546911827655866
1515347,1,1.1708759466287972
3432439,0,1.1961930323141468
1113947,1,6.7526518419805885
2208106,0,1.2054022082422038
3852210,1,0.45495020743048187
1998071,0,1.397887021786795
2499904,1,1.1269038073970181
227352,0,1.0135389198661837
2648187,0,1.2036008637487134
2248223,1,0.928784428226138
3328216,1,1.5198051744246452
2802175,0,1.0367893116645508
2184376,0,1.0480802613408529
578654,0,1.654012705664509
1160306,1,5.9240539524289755
1778712,1,1.2883749495840449
2930211,0,0.8830050405129517
735674,1,1.0296633240963797
1839743,1,5.442291923314775
1861901,1,6.71400394878822
2205738,0,1.6031737203095364
1533357,0,1.2565941009826227
2411194,0,1.3565733168453655
1755751,0,1.2674820205045556
3318460,0,1.1334356299658672
3231021,1,0.7646198000170339
1436272,0,1.6581742396590855
363830,1,-0.06525859948656265
705487,0,1.2118841940033105
3000694,1,1.1623594809747664
2220380,1,1.2020281989646104
2001966,1,0.960071958114866
2880711,1,2.0822703938203895
1303463,0,1.4607314455486
304100,1,1.0936588271033874
3932764,1,1.4947253055863527
2986318,0,1.4709570810832664
3184217,1,1.95161963694615
802506,1,1.0921305168292
1951377,1,1.0042031582189759
2238041,1,1.164921094975466
2044224,1,6.8133981071868215
2230500,0,0.8907733643356646
1288400,1,1.4562862600080386
3420813,1,1.5951579921374415
1361407,1,0.939350425887765
920624,1,1.551971161309286
2787299,0,0.8442337260483075
849622,1,0.654504492667605
1412175,1,0.6236143335565867
3887038,1,1.1358449260993908
3059644,0,1.1875259084176246
1029189,0,0.9581037239148052
3810323,0,1.1598291982004916
255548,0,1.6223195707145985
421887,1,1.1595890122320656
3236366,0,0.46965712577877006
960245,0,1.4181065591575421
2988653,1,0.6690535813258426
655775,0,0.7706735571390257
3759361,0,1.2637580883943418
1814416,1,7.622364637794464
538103,0,1.6505817215889071
3958658,0,1.3728526349986194
2776331,0,1.579865302365703
2554814,0,0.8498225572026576
1032609,0,0.8224627333991728
1636535,0,1.4683569057970631
2817070,1,1.0769604240544162
2624136,1,1.3540658701896942
734493,0,1.0616934342692628
1767423,0,1.3912253248135653
3653619,0,1.276197011828142
1354277,0,0.9939780862089854
2683379,1,1.0704493367449923
1325200,0,1.2801927792485244
351945,0,1.7140197002617685
3059329,1,0.4858443091914447
2919348,1,1.1557714638597096
3181178,1,1.020410776582742
1336119,1,1.4924240096884895
3791804,0,1.281498299615261
2924324,0,1.6597759975183912
1223173,0,1.2285696001664344
234349,0,1.1104809975067946
2231199,1,1.2362011167323899
3041941,1,0.5961347037300803
3437879,0,1.2062423855119087
2497637,1,2.0186116549230637
584480,0,1.6455526145815593
3887894,1,0.642247662375539
644816,0,1.3090353972675235
1289695,0,2.032805037189483
1016533,1,1.278492217207993
586493,1,0.8259326745614284
2678766,1,1.3676650296337676
2779859,0,1.484116421554011
3465392,1,1.3512659298448324
614883,1,1.0083659899882824
3795046,1,1.3115179323485973
579570,0,1.5453164657848213
3185366,0,0.8312188144502693
1759744,1,0.7863341914411498
2709047,1,0.8153354166481153
889231,1,1.0187454634037483
3539877,1,1.836602147916535
3934854,1,0.6916092258060409
1740603,1,1.1237117459169919
2976133,0,1.1116504638238205
502470,1,1.2014551872349615
2743178,0,1.1479306999164622
2249770,0,1.2416835711094014
3335122,0,1.6982750976646432
3886040,1,1.0024434864438736
993252,1,1.7865235972820688
3716155,0,1.6274788034470389
1719781,1,0.2178575257731612
3734444,0,1.0435349807580663
1222951,1,0.937390182990686
620746,0,1.4695814094936333
1822915,1,6.377503525811854
2590620,1,1.1452233746345357
502682,1,0.876175344668711
3036761,0,0.6502418422445646
3504437,1,1.4064382182452673
1762317,1,1.1224458460912057
3069170,1,1.531006156459013
2278497,1,0.8640724081203572
202021,0,1.421191061340254
833201,1,1.3039329355327327
2280094,1,2.2324580968071004
2591679,1,1.767141552972059
3481065,1,1.2897182822986062
2655354,0,1.8130293636991852
1442831,1,0.9471043704773202
1267512,1,1.2909301856951116
3485915,1,0.7669655293883776
638075,1,1.2187868201035064
2667418,1,1.837302702690542
3297873,0,1.0066580905270837
702564,0,1.0640775585044884
3200045,1,0.7904789721111618
1941323,0,1.0711610122125246
1270861,0,1.3444983119946115
2893430,1,0.7786838865001132
1786923,0,1.183398537220164
1486267,0,0.8243455657620419
2731468,0,0.8187889435108595
3454392,0,0.9993053238832168
2154799,0,0.8254759131195639
3281069,0,1.1773055015054303
900620,1,1.2847839178680276
2593959,0,1.5016475261604145
2709994,0,1.7439143783269428
3417801,0,0.571669576434569
2758917,0,1.1904838003109348
646665,0,0.9756245731377402
2640058,1,0.8929874485923134
2778204,1,0.38397382266218183
1854095,1,7.385026434271229
1660720,0,1.4093888749288928
420220,0,1.081571111165552
1075119,1,5.194053944788347
2399361,1,0.6292381438251398
2105178,1,1.5425500997864514
2242272,1,0.8690000488336713
3373241,0,1.5136429317916964
391411,1,0.8877583325207739
2881544,0,0.38274039118309877
223944,1,1.0321578479311515
3917374,1,1.6294376213386412
1111021,1,6.826832083771931
2174788,0,1.2177689112729393
1976449,1,1.138723725301553
1074543,1,6.747830195295521
2468733,0,0.49492718750794984
3706686,0,1.1967633522200198
1502275,0,1.094400566517871
3925697,0,0.9321358711631437
2841325,1,0.6879274640717886
3149212,0,1.2273348736398706
3524326,1,1.527841546129576
3503941,1,1.0158455329585694
1716239,1,1.4592603351361761
1112908,1,6.43558711873268
3121988,0,0.968188299747651
1435173,0,1.5519574746652047
3184422,0,1.0370077926255818
1572892,1,0.48484039327964623
956136,0,0.4745121344450881
3719598,1,1.5555452103954632
202907,1,1.1815050585106115
1986840,0,1.7618786939408762
3652809,1,1.3186206808056415
1485432,1,1.3710642530534656
3268562,0,1.5149046855274586
2430079,0,1.0450445171144283
3723140,1,0.320912329791307
3334567,0,1.4639243933594324
1593655,1,1.6060644824186945
3150762,0,0.8155078447632699
1340329,0,1.3930503178010412
3135602,1,0.5496668812208246
2970755,0,1.142172300946321
2977503,1,1.3025971563294696
438369,0,0.9481554364042146
942408,0,1.161855912073005
288506,1,0.6912037252526229
751938,0,1.1233246012396407
1766496,0,150.44282368950155
3074771,0,0.8332212595207904
3477956,1,1.3440762151760757
1892439,1,6.164462177217574
1439237,1,1.4179183696179367
2842696,1,1.563703303182575
938689,1,1.0851220418808127
3960151,1,1.2431312189132444
1136580,1,5.696688871703229
1195879,1,1.218274001201965
1332766,0,0.6911090609664488
313091,1,1.1366566102856321
827886,1,0.8548602909090515
1719854,0,1.4522461797341215
1217238,1,0.9721088827043965
3470783,0,1.485411653342838
558291,0,0.8897040868455841
1286100,1,0.933230028318552
2259435,1,0.6217695529863987
2122675,0,0.711811755399319
2456999,1,0.9501923410332075
3335689,0,1.399214820690907
2861798,1,1.4089525845312099
2696668,1,2.071396151551027
3499078,1,1.605862628984564
3666045,1,1.8594698587598792
1819041,1,6.786205248150809
2395050,0,1.5514560933619932
3871073,0,0.73336640533363
222776,1,1.3296073037907723
2273806,0,1.5057327126137434
823863,0,1.5117368441473649
3191280,0,0.7570530991367608
856826,0,0.6143364532167523
1398566,0,2.0595881508899243
1574136,0,1.025220604097577
267998,0,1.1114368016337253
2932772,0,1.1339217535735737
1253528,1,0.7234584041751396
3694272,1,0.7322868661587778
2943598,0,0.5590274438206702
3279077,0,0.5805077920444263
1955262,0,1.7782806994063984
2393448,0,1.424546712609693
356378,0,0.9906505171944574
3663629,0,1.3334503417515187
1436162,1,1.3680537015057677
1486915,1,1.024368088967628
2704767,0,1.2179045592860387
2759617,1,1.414291998284391
346698,1,1.3631571205304034
726303,0,1.1033208994986763
2838477,0,2.061898139996179
3534921,1,1.1921929652466732
1886128,1,7.077668875425977
1953701,0,1.5914067476815807
1577384,0,1.0130053741647753
3689124,0,0.673864015114764
632403,1,0.8288795438810228
404796,0,1.5250589374570045
3131849,0,0.9214308491126147
587214,1,1.1225177794495236
3438201,0,1.5595653951695105
2502264,0,1.5264058072435969
2440238,0,1.2563516113701523
3944512,1,1.5860262868035768
3202860,1,1.4305117241268945
1413831,1,1.2687966507564055
3369832,1,0.7978225045361372
1007036,0,1.0569476835744624
1258993,1,0.5266351308333411
3789600,0,0.4686475707729799
2963735,1,1.348582049123479
2838867,1,1.3375947557820393
3323806,0,0.8236100665999719
818081,0,0.5741965072530175
2961666,1,0.7837544306105448
1320491,1,1.3005058555886093
1217805,0,1.4904291629877635
1698599,0,0.807049288985159
2215292,0,0.3923046853984483
2415400,1,0.7734806250467948
3955187,1,1.0639866256152877
1972430,1,0.841196223043486
915858,0,1.8308637140647748
3193364,1,1.137219247509013
2123611,1,0.6468055013154005
3492774,0,0.9178406521365978
1502880,1,1.212148595896787
1056709,0,13.351938735410261
3121163,1,1.4196458850829403
3838784,1,0.9282126392150742
3910341,1,0.7556601403010708
2890601,0,0.8625355570812132
2559908,1,1.786670474117017
2723037,0,1.3075165349452873
3421410,0,1.4751677795727747
339926,0,0.8880453531245789
2576531,1,0.8417833780921049
3265068,1,1.6639901782158257
3422409,0,1.2351512612267581
2630476,0,1.2989743057539476
3727647,1,0.010554163745762235
1810295,1,6.501798160503122
2706384,0,0.31025691952519363
2157432,1,0.9918466183154052
1143252,1,6.8924151542996706
2713146,1,0.7676304307513884
1464557,0,1.3716709925299497
1246273,0,1.1198895516163838
810238,1,0.9251468321073762
1545518,1,0.9852560088217566
1167199,1,6.395859989445253
255690,1,-0.026937336329057482
3498775,0,1.508123422715218
541435,1,1.3129654425389077
3781726,1,1.0808430275270566
2678908,0,1.224828946522335
2690626,0,0.5257415145621958
2645153,1,1.0916115244455393
502285,0,0.8075909071601075
1852786,1,6.023021927615695
