sample_id,y0,y1
3351231,0.7101892480478745,0.702340886339931
428997,0.858767624455818,0.8499533792055648
2948648,0.6276366436778561,0.6198979326177446
1945828,0.45241050938339455,0.44456341073737715
3122093,0.7463548774206117,0.7375994639612589
3695697,1.0127088927876202,1.0046474727414494
2933717,0.46457785502646093,0.45677150340516454
3155769,0.5342238212694462,0.5260454092986195
3172646,0.6918967469862775,0.6836294660853405
1589661,0.4635960092331691,0.45540295272126907
3661873,0.7607647435901592,0.7524706377321894
1118913,0.5510204392987677,0.5429994542997055
967210,0.5791756091189171,0.5713978859990257
375100,0.9116717013330574,0.9034301816736477
1118291,0.9272426050526676,0.9193651174799173
453031,0.4852524441524326,0.47709436113385895
3315912,0.4618706163364503,0.4539560974545912
3337411,0.4589289345904845,0.45014048595904715
641942,0.5915313370303892,0.583638986050513
2879289,0.7433449188133471,0.7354710914210852
1552921,0.5315238679457417,0.5234127959424164
1604694,0.5816281766358479,0.5735442960025721
2014523,0.24664378789386593,0.23874975990465835
3223298,0.7992352768875275,0.7913166017256559
2608373,0.5599269430473471,0.5517037292611078
3838524,0.6909404805429641,0.6819360104659351
1486556,0.5924773218189248,0.5847548257385362
1211369,0.7516456664861375,0.7428229277544652
708729,0.784310462806096,0.7761348196129897
3033706,1.0899181681008636,1.0814839620070027
598510,0.7683791959019091,0.7605247633427613
1851238,0.6831621405240865,0.6750538145007303
3513599,0.805756220974807,0.7975418487915104
2443809,0.5843996345973957,0.5763956972006083
1610170,0.5947915907196418,0.5867973149153888
3871776,0.5613670706029609,0.5529942786017102
2019688,0.8918721147265722,0.8838369481757989
1138936,0.45787047201390785,0.44962303966334083
1417792,1.0266033627276276,1.0184486407769013
2691306,0.7385313546787746,0.730645341476609
1547894,1.1823202841542013,1.1733133074057895
3347523,0.3636671054768374,0.3557040793716579
1407251,0.6111971689261825,0.6032538184991004
1997007,0.7466376804963304,0.7385563545059325
2655293,0.5486305705765347,0.5406790858963043
3185480,0.7104118224146847,0.7022951940269628
2504105,0.5264318124976407,0.5175547326892126
2730006,0.8656624933516596,0.8575983432107804
3451203,0.8266059624828532,0.8179972818680659
945290,0.546120166324867,0.5381428813558295
735603,0.49065894945264243,0.4826959233474629
3894767,0.4409098070395684,0.43301941478367145
275332,0.6187883007862928,0.6108361580602066
1907460,0.41529475986203473,0.4074264402252386
849233,0.3253928979885274,0.3172091300933609
548344,0.5938197035311557,0.5860306911978315
1235102,0.7267809586048001,0.7182553371364988
1979363,0.7952834156485166,0.7868572072393264
1043253,1.162732324470173,1.1545971990254644
552811,0.4218146075318633,0.41409808032628204
1439656,0.6420603770050387,0.6340376267423977
1936463,0.7435302450677115,0.7347529749932358
506068,0.7110312288503009,0.703210663272336
747376,0.8386794908223874,0.8299983099044661
193451,0.9440948137948515,0.9359662210825122
682008,0.6825018009459222,0.6747268861814886
1594252,1.0071412939722335,0.9980237761180001
3442793,0.07077498764868417,0.0628482199813527
1316220,0.902711462700523,0.8947198933352236
951733,0.7300959990332367,0.7221560390500825
2057008,0.9146763957212686,0.9059076654172508
1479648,0.8585245743817175,0.8507633818413455
1649612,0.5538640924119808,0.5461839015474043
2471053,0.4429284014411351,0.43471710618982207
2128157,0.8149535747704613,0.8066556763750944
2010024,0.6175841090621783,0.6087415305538205
963826,0.612529830490382,0.6049525072447509
3430446,0.782477332473438,0.7747447770961224
658513,0.6605002026871598,0.6531707842905294
2275416,0.4859476363287445,0.47767377406416645
390768,0.45130476474446224,0.44317288348432005
1088226,0.6968600844648681,0.6887725074211364
444577,0.8682875216540586,0.8606966301971546
933067,0.7659968298546035,0.7581103414081073
1972135,0.22150871361724223,0.21374894499881147
1613470,0.7357436666156303,0.7278391177226993
683367,0.6225053938958388,0.6148028915561371
862332,0.7977946098606589,0.7896017379983983
1720545,0.31727026243286593,0.3096876012723526
3936959,0.4605945239874825,0.4527968468297296
609231,0.6145272187562224,0.6067434794253657
702564,0.8933725756488682,0.8851379198389144
2542461,0.5739511266528774,0.5660395255980861
734632,0.6209212522056453,0.6128274192732757
3797824,0.5302631209209534,0.5224880309267308
2629806,0.5634790413427195,0.5554590071589777
1046870,1.0481552822894034,1.0398906139889277
1463942,0.6615287986631078,0.6535194390932685
1769064,0.43725015412801094,0.4293675675594869
3658888,0.6672913789780358,0.6588937927836407
1465211,0.7855668153368631,0.7777840261031506
3486999,0.6297145425443261,0.6219672226170346
2548336,1.000537463549682,0.9918757602864536
2249126,0.8341894418873634,0.8259247735868878
1365578,0.719654378450333,0.7117515088017968
269713,0.7307273710956966,0.7225897357954539
3194497,0.8317961258849487,0.8239712175959081
3345576,0.49385484083618875,0.4860064791282452
2164757,0.572820374092122,0.5646655419928752
2202854,0.24280922629852886,0.23477931841890276
2468733,0.8849470147422593,0.876571106511064
3427517,0.7000296764818588,0.6923269420530567
3390795,0.6814351999749686,0.6727005498642107
3002819,0.7892448536206981,0.781408043770562
3536362,0.8491773584945765,0.8407887167574174
3756642,0.7293132431512238,0.7203351264233042
1663261,0.4529416370701903,0.44519987485937274
3323550,0.2144628003363821,0.20683880678614175
2768119,0.9202418826701318,0.9112084678601685
1350433,0.7336974098548829,0.725808488262542
2694264,0.8045400571194409,0.7968187091281584
1583613,0.9058665335012225,0.8973105509565381
582992,0.7139780031945091,0.7061286514191976
1767746,0.7325372994934678,0.7246036552746169
2228193,0.7925654315203743,0.7848405528891994
2449172,0.40895775111266136,0.4012328724814865
1917232,0.5466440862702203,0.5389029288735651
2858198,0.4842824283952899,0.47622469280457314
807453,0.5033647623308746,0.495399039453252
250288,0.7594213679300014,0.7512955271292167
1715100,0.5168405621198081,0.5095702016643396
3762912,0.811548205893227,0.8025412291448153
1134419,0.6461957617619255,0.6383500570941403
1480445,0.5649496098846023,0.5570528018266234
1766984,0.8750040442655432,0.8670062932752999
2929598,0.49486478375295107,0.4871881031038151
3799072,0.5139813423144284,0.5061040920962205
2537953,0.8645569225682459,0.8566081298401579
1396502,0.7801566296064343,0.7723389472179937
3374159,0.78345714443162,0.7756024752054637
1438338,0.5347582216481537,0.5267703048131982
3757249,0.9320377682623239,0.9229956487772965
1683084,0.5224055806725851,0.5139151534281372
1649130,0.4697639186092878,0.4621231564459487
2909416,0.8543438601258341,0.8456288076366816
3670522,0.9181496267836909,0.9098062720193432
1018239,0.7299192943054434,0.7216079724233683
3097573,0.23121749166349592,0.22328290687128893
1968035,0.6453635105064861,0.6377017846355632
2918449,0.6923454069319386,0.6836642260140173
3834505,0.46033969210503106,0.45231327338421984
3702883,0.7497183898125104,0.7417526669348877
3108972,0.6633447238003771,0.6556422214606754
2009187,0.428636800343677,0.42068262279964286
2995577,0.6675355298422057,0.6596820283550908
1016233,0.9317226999780067,0.9238252403814656
1710107,0.5845162395813537,0.5770905817729142
1812091,0.7910315378504726,0.7827067151530789
223653,0.5288210578215361,0.5205323800993604
3453567,0.43531239375193675,0.4276900508858609
1711575,0.5681920312241293,0.5597840347392107
1962561,0.7613788476986642,0.753653233970815
535108,0.6180828713246472,0.6105006433757273
1661357,0.31073779938346124,0.30258084543527
1439564,0.6374508714805122,0.6294860928673846
2211957,0.7225691815002973,0.7148837877809411
1131666,0.3738935496683876,0.36624793552756385
3223306,0.8673102392921435,0.8591491475430627
264979,0.7200642790827991,0.7117663806874321
3880187,0.8013675621399177,0.7928245733453605
1683803,0.6971007917043784,0.6894942263465536
1584136,0.5681042976917934,0.5604352383173423
665682,0.6694681907935389,0.6621068105261266
2555683,0.553815536462248,0.5462091647487393
3281226,0.8722493992327783,0.8642976749611988
3071769,0.40792745662074825,0.4000307552261211
607931,1.0253407567914188,1.0176740627516627
1629704,0.7611562666132248,0.7532253083066798
1900980,0.5858657988316328,0.5779656646675181
2759557,0.5099623774268872,0.5022099838912333
2262105,0.8948067845369803,0.8867830831370141
2783765,0.6645915707347835,0.6564633834402908
3473614,0.6558916404142806,0.6482668879976015
926632,0.5361260772904862,0.5279705723639981
1400821,0.693869089281902,0.686193866489724
3102047,0.8961555233647067,0.8879684217413175
940470,0.6917295718344603,0.6837238729259414
3877559,0.9385500761802481,0.9306657825695388
1304226,0.47181032157868796,0.4636992495753627
3262217,0.5190518077714636,0.5110858448734718
3768091,0.502870823707909,0.49496242211919905
729257,0.7408788630371264,0.7328407941260674
2993972,0.9283312150098435,0.9204434662487795
401639,0.7273852911626824,0.7193121701225227
2513067,0.7082167007069693,0.7000822488225792
563743,0.4403570708635944,0.4325629576181506
3743903,0.5222776585074834,0.5140129902070077
2999123,0.8696737255626537,0.8622463685533874
2717219,0.7784092994405365,0.7702427410699264
1896875,0.41140966599990014,0.4034526872040056
337292,0.9003891777435336,0.8923857676224644
3077415,0.8194562297681023,0.8106874994640845
3091323,0.46607050081465196,0.45822479614686673
1449548,0.8194368379630793,0.8114051628561209
2200713,0.47767693757646545,0.4697855820876037
1008482,0.8099367748598976,0.8020341433306845
1670590,0.7677958408671599,0.7597850582418569
754088,0.8300243130917365,0.8221039108396744
425348,0.7775804023008557,0.7696055777311955
1193912,0.5671581292270776,0.558959226902934
2668549,0.5539582859695161,0.5460897889977866
2241964,0.7391820604102234,0.7312315183066782
1774413,0.48275356231038796,0.47521169266636104
636684,0.7619920215226182,0.7543586149745177
3728971,0.6789346988568504,0.6711571510260919
2969831,0.5523890079411937,0.5432707378318176
600077,0.6389100788627793,0.6309932966142786
1597077,0.7305450545125837,0.7221934083795883
298905,0.5088401582202211,0.5007288418169173
1747516,0.5942967104948399,0.5862739602321989
2982226,0.8593058658990066,0.8503741103158662
2577242,0.5175895008636169,0.5084150694384675
2977532,0.7448373449043393,0.7364968147586175
955066,0.666513862534331,0.658749807638095
982616,0.48602946202332264,0.4784068894834834
1219519,0.3928360562393113,0.3849217758277753
2127938,0.5267337663200232,0.5184304337503758
3075381,0.7823447522356247,0.773906035186061
2555796,0.6221488074211435,0.6143825321874342
2938204,0.6401306578513061,0.6315746753066217
1917995,0.6107768268585725,0.6030356694619172
304329,0.7626609139191085,0.7535984613338043
2549605,0.5764727844903266,0.5685726503262118
1632767,0.5965522209907813,0.5884820149674181
735279,0.6892324218333599,0.6812435579907571
2803645,0.6311679738744073,0.6234206539471158
382895,0.5352620284065487,0.5271861733090014
297018,0.8505112646923219,0.8411696135101174
696648,0.5757687015914656,0.5675399170859688
2879306,0.6713809839800032,0.6633805244573262
2639731,0.7932504141741858,0.7853422508714804
2194643,0.6925483773942017,0.6837796470901839
960752,0.15522557519375646,0.14751641800086446
746966,0.6575090099360903,0.6496886799975656
3044494,0.7412441722962537,0.7329850990076328
1777433,0.8630015082837943,0.8550207555148404
3402558,0.8516380328968329,0.8438566942709127
1563582,0.774993489501121,0.7661509109927632
1232273,0.9779599252642313,0.9696379209114858
2919467,0.35128143618940566,0.34343838766224555
1740118,0.9948632042620162,0.9865709233746005
713839,0.7072500314985594,0.6988471755761465
1518245,0.7803165105831431,0.7725248012422172
372816,0.48586814896790675,0.4778092152705299
3064776,0.5013166840467369,0.4933661419431917
1026147,0.593441123504988,0.5855692060244957
3046074,0.7360874288291452,0.7277802995031228
3477433,0.5777740586337783,0.5691988361695886
1115758,0.452275610939952,0.44427785994970864
3136593,1.0859339889315887,1.0775970829163943
3452350,0.7197712935701486,0.7120213499218482
2867255,0.5620487169644084,0.5537484223903748
1727882,0.5586754399356219,0.5504704913619699
2106687,0.70931632810511,0.7012142691723973
574973,0.4653114860659231,0.45753014744000275
1456582,0.6177475891426601,0.6098737617503983
1538826,0.6885286458189607,0.6802427742046566
3248106,0.706004586206255,0.697052745699196
2573371,1.1492643534019855,1.1409876890966435
3367148,0.6728391478206052,0.6641044977098473
3697335,0.33497954152682036,0.32691812148064964
491722,0.6729018872828573,0.6641952246076429
1078526,0.5648393019026521,0.5565229313770992
255255,0.6894749793776314,0.6812899946360309
2978247,0.3731562872018659,0.3647550504987055
945242,0.998580751801219,0.9900818772404543
463427,0.8081080826727203,0.8001935637908612
3506016,0.5548878544127147,0.546659255362071
376380,0.6342093986022153,0.6260511317180676
1505578,0.44796641833360085,0.43981721696329323
1034035,0.4524818574143207,0.4440054974791763
1321685,0.4000864360280092,0.39206640184426733
3008209,0.4004232070180266,0.3926281697413242
1730795,0.6144206909839002,0.6062988374067351
1663837,0.6844105489354159,0.6767073863070767
1306658,0.46974082943678863,0.461797941167691
3801300,0.7313967890098396,0.7232535106531891
383541,0.5583237114478967,0.5504153098591867
3363714,0.6836078777668833,0.675698716852865
2558645,0.7748852626714463,0.7672517981580215
3692762,0.5459331426491365,0.538015943422376
3394141,0.778913254022891,0.7702598892153236
2153645,0.8657347175608437,0.8565070862250087
3524977,0.6968566476086286,0.6889139986646446
1368094,0.6392505133246846,0.6312554699499091
2009017,0.5881877974576,0.5802424586421385
3442435,0.5755640153088953,0.5675768486225771
1009164,0.8676140786971112,0.8598865839449363
823202,0.6669975126344104,0.6588386935972724
3105303,0.6672721446951079,0.6586634640803204
3427903,0.7153112784646156,0.7073881938751798
675775,0.3457927722720212,0.337977736537344
3869096,0.9309164809549515,0.9229039872910267
3065923,0.4705816738307611,0.462402476609575
218764,0.5336074904407632,0.5253428221402875
2872458,0.7023621435926186,0.6943705742273193
1594733,0.39010922675426385,0.38187505333617877
1695651,0.48498111624130513,0.4770756302244149
3146447,0.8326411985432343,0.8243071149634607
550450,0.7002963626825283,0.6916429978749609
3511427,0.7639141372490752,0.7557767471418187
2820370,0.8107012699543459,0.8024513741962309
2402250,0.7668776300623042,0.7589501179189657
960080,0.5550592054717782,0.5470961793665987
883992,0.6984379552366775,0.6902294398956246
2442543,0.41363971975618175,0.40560335845454465
741674,0.5817550855523662,0.5730484228771519
886503,0.528229231314482,0.5201623501543158
1195086,0.4972444595345493,0.48879534129088675
2519046,0.4235148326471374,0.41546782185065323
2571052,0.8237969212697638,0.8160383562586806
1989297,0.6238077516321326,0.6155670232063979
2893634,0.5680317004355262,0.5596766521876646
1237063,0.5582162937699278,0.5502051714950416
726456,0.8287136926238039,0.8206288536058908
1700307,0.8138418308048461,0.8060393778771064
2257955,0.5863220715554811,0.578368836907347
706891,0.4138702179681001,0.40570365959749
2833321,0.9255174986760837,0.9172103693500613
533892,0.3656050625541364,0.3576677906214716
2118759,0.4936619398678287,0.48534918297495544
397510,0.520214313992956,0.5125851556581443
219236,1.0663848012143835,1.0579695186466487
1457793,1.0753492507102387,1.067625055057906
3369829,0.5565109757803441,0.5489691061363172
1811875,0.9334760995487212,0.9243016681235718
1237831,0.9744234053528553,0.9655356618792321
1683509,0.6011423981918755,0.5924722593906526
710802,0.8682692697836065,0.8600698757927725
2455012,0.7105324425101323,0.7022317339338829
1643136,0.5640096400251172,0.5563218168237243
1861190,0.6399049073026287,0.631948035982821
1213136,0.5998851512194712,0.5919078662504337
3365083,0.49954960919518365,0.49089624438761625
1973506,0.5612330964506557,0.5534558783665653
2589551,0.382067273982849,0.37376937558748213
1077718,0.3772856309623654,0.3692678896644535
2454966,0.8171181825356886,0.8088774541099538
1036130,0.5280088104666657,0.5204110622346961
1817831,0.5140169139649277,0.5059158154581178
3944663,0.8138297728467339,0.8059893795609702
2475363,0.6551784327609862,0.6470618660075323
1544666,0.7911835882247489,0.7829245149361279
2688427,0.9967674074617688,0.9889042373019857
1395107,0.4752179759194328,0.4673656828393953
1818982,0.957470682147276,0.9492034012463391
1016533,0.6546199905742975,0.6467858338534719
3804333,0.6231961586716195,0.6156216289399339
2544698,0.8009385727052846,0.7930384385411698
1405824,0.6385207452103765,0.630873900438391
3268874,0.33165509043688396,0.3237135899711067
1238292,0.4416298887136402,0.43353057270954765
1589959,0.986341814247807,0.9781606325615808
3543490,1.0216158237353379,1.0138433659753467
1862682,0.6168184342586609,0.6087427611693459
3458726,0.4235907633114452,0.41583459124089217
1395063,0.3581596140036271,0.35041845660697185
1964750,0.8038154361079939,0.7961115652333995
690540,1.0963084942135555,1.0884871777438583
497324,0.8302664028814747,0.8223200617650259
1766159,0.5142351312265141,0.5063867695185705
2516871,0.3177521056417172,0.309705094845233
2594921,0.45115969707496395,0.4430431303215101
3548923,0.9861798721540951,0.9776046496899053
1759505,0.7357349410389082,0.7276528391198628
621280,0.8384709949125124,0.8307708682221744
318582,0.588453501782087,0.5801905892298655
1368962,0.5176493834871773,0.5098264051019448
2875973,0.5246732402737957,0.5166880277249833
2969232,0.6320186559098501,0.6238230094351778
3857287,0.7706295642761829,0.762512997522729
2163763,0.8514117372993437,0.8424598967922847
3053720,0.33467250829727824,0.3263743108002224
1231290,0.793665089965803,0.7853709841078331
1141994,0.49377016626020687,0.4860724144865214
1686809,0.26251409367706807,0.2543279944326546
1711428,0.8566664155121295,0.8491578095658299
1143361,0.41654226217315704,0.408755886787432
3898704,0.40486744969997224,0.39597040791756133
274568,0.6389171318538954,0.6309110112838613
1061761,0.37442853447246366,0.36626474086657196
904358,0.541778604908778,0.5336739847791563
1470617,0.6813363285829359,0.6726829637753685
2512471,1.0004798541960356,0.992850925733422
1910940,0.384451510517302,0.37673232437075455
950388,0.2433445837375709,0.23562423685335193
1911259,0.8226249492014577,0.8149336106896148
2689103,0.5901841731866947,0.5815561341497494
1105810,0.7075337172803843,0.6995332577577072
892996,0.921322539886196,0.9133075129714128
2859159,0.4009010722679994,0.3929119677077517
1910217,0.8078866907113493,0.7993114682471596
3265215,0.5242758067881844,0.5162790320177312
2565470,0.7151354253415384,0.7073655989246436
436434,0.640455585940069,0.63218628187399
2486504,0.7721556997338612,0.7643786916497438
512618,0.5993721409864354,0.5913627814165962
3732007,0.9598371337818241,0.9520307821605276
1636419,0.656277625686094,0.6485362938204677
592458,0.9014883584298674,0.8937520341868181
2728424,0.5253654364005225,0.5173711605962694
1790227,0.10178423294617223,0.09414847133326065
3507991,0.6407460074453066,0.6325347121939936
1172273,0.6814222358692725,0.6735958567626298
1331642,0.934112383982843,0.9261182883482426
1207144,0.8772464864686075,0.8683694066601794
1745879,0.5218381404356102,0.5136534023136697
286497,0.8652341822153782,0.8562210353546753
3469095,0.3114412753707283,0.30377215776021804
1049101,1.0328332666891566,1.0236794196071963
2911384,0.5390492841297178,0.5302957145550137
2775198,0.7605694407083453,0.7515826725910624
730387,0.7527670764531923,0.7448869210766291
1993420,0.8615797675481043,0.8533656914450822
2469082,0.7180609233347005,0.7096783472645201
386631,0.9940153755557767,0.9860494126577848
3756294,0.6494729317956476,0.6412084497587501
2730618,0.8382486343284468,0.8302427549887624
3265083,0.979970752100009,0.9718806184373363
2932096,0.8584529258167192,0.8498248867797739
1812449,0.6272903531159022,0.6190016753937265
700538,0.7330277766584266,0.7248821162823897
2777754,0.7810818654335163,0.7729064064975998
2205486,0.8889510897973486,0.8804392011614983
3028463,0.6964494293914553,0.6887630661630711
2914206,0.842844410557937,0.8350529359869916
868788,0.7923378550184387,0.7841503450386732
473839,0.637927865225623,0.6298171543520649
3875717,0.17655490815392266,0.16850115359372836
3483638,0.7074603567138814,0.6996766173830247
2918562,0.882273932689323,0.8735927517714017
868782,0.5996482509725682,0.590585798387264
3124614,0.8671265942072883,0.8583711807479355
939173,0.45084612664818735,0.44308446638570287
2031314,0.7340936779007755,0.7258529494750408
1859729,0.7217690905961727,0.7137193545848421
2828367,0.7182502394115238,0.7100692421073103
3172272,0.7828951365428604,0.7745972381474935
1621316,0.4660158962813655,0.45803861131232804
1771315,0.5359504894957559,0.5280413285817376
800916,0.9121677032267974,0.9041045374105073
3487438,0.3597194047599519,0.3521327261381617
1756239,0.6114015787085267,0.6036248049514299
814405,0.6205060507284434,0.6119544638246636
475119,0.8052238998746906,0.7973235276665025
2474945,0.5797167208004758,0.5713920857223798
3742000,0.5624656951738135,0.5547296040319507
1220376,0.952676946103285,0.9443850787977496
3087291,0.6021524584396358,0.5934374059504833
2002809,0.9186231331691123,0.9096712926620533
1210074,0.5912286892307569,0.5833319878361297
2399241,0.662177167897361,0.6540948224512536
1099914,0.5970723510588534,0.5882778820149694
2526810,0.38865054051769965,0.3806009859259467
3657051,0.6721280751372333,0.6639112172407338
3191810,1.014693744022084,1.0066293508950594
365283,0.7441934711964572,0.7361643342345482
3224929,0.61580921902668,0.6076664998597118
872476,0.7078666895709333,0.6995475026086939
3064178,0.8537877030069293,0.8457379669955988
1669099,0.8164399886601581,0.8084524104909391
3228042,0.27106428705700447,0.26214112990371574
3332220,0.8951637040958428,0.8869884686672505
2412604,0.18981313478763273,0.1820629576207471
3435634,0.6980489094243969,0.6906636435878668
957920,0.5129362595498704,0.5051332999476333
2640979,0.759882213601613,0.7516939174979427
2924597,0.6214199303201775,0.6127387494022563
3773488,0.5843235248175621,0.5765470533915031
1055186,0.8757213632947819,0.8666030931854058
204356,0.6864451448110879,0.6781564670889122
2849390,0.8273385962364729,0.8192130002732972
3126318,0.8248180163007206,0.8165528010592862
1334285,0.905338855529759,0.8974128488780861
1690003,0.5377914654302968,0.5299723940424561
2548584,0.8913499718742793,0.8838008348207503
2226315,0.5694823162062259,0.5608542771692806
2455946,0.3011168804374849,0.2928509204932454
2216205,0.4841579761317927,0.47547679521387143
1599504,0.8218365415546793,0.8128295648062677
1682104,0.8479586036004741,0.8401368841921485
2831128,0.8459474955547948,0.8377718523616885
3289685,0.5009117844674339,0.4928684515406858
3332459,0.44887403651212177,0.44091616143650636
1274080,0.7242376753829906,0.71601167670869
628620,0.5328529189623861,0.5250301168862193
2181606,0.8511256109036844,0.8431135388700295
1605826,0.32043112714193167,0.31257233306558574
639101,0.5892960781565467,0.581654179886428
2115586,0.44024248967848956,0.4325845456604409
818890,0.3517706717020191,0.3434023240060193
2541589,0.19606174398147191,0.1884490298539092
1720015,0.7944277180081101,0.7867454250281403
1902478,0.5677552808573776,0.5600053372090772
2463883,0.44902524686123957,0.440917699284197
2106008,0.6667427416346728,0.658626174881219
3656640,0.6841484960734018,0.6757994892017068
2510753,0.5366108203710257,0.5286911785235056
367203,0.8376351539290304,0.8292245713373411
2219537,0.5227436911801192,0.5148608204800184
600851,0.6486518233002242,0.639970642382303
1992365,0.8741370878955186,0.8659202299990191
2806882,0.8551446377643219,0.8474421354246202
802489,0.7241709243507879,0.7151084717654836
1436559,0.5326723909834048,0.5245730749793123
974646,1.0959746802777297,1.0880947623360915
656309,0.7779652850962839,0.7702229766650572
3743496,0.8493758389597608,0.8409483417734878
2123189,0.6724854696972731,0.6633964162129156
3249720,0.864035104797593,0.855083264290534
3522021,0.4224360881872643,0.41459641569878214
289294,0.9560590504431836,0.9478886958149064
3912893,0.9218817747153365,0.9138840237250931
1768984,0.8072622391065629,0.799165847577661
3401954,0.49461567865719147,0.4867612460980437
292798,0.6369663395859545,0.6291866977265845
2878400,0.5312828565534891,0.5233171336758664
3045395,0.6143257669252247,0.6060492891538188
2607080,0.7712135121519066,0.7622065354034948
2009498,0.42471484473771126,0.41674642417435204
645840,0.6827658635564389,0.6749847593880217
1874794,0.40210408523434504,0.394103625711668
1029186,0.5341764007832439,0.5263272855147222
3786242,0.5830937710129716,0.5752398094353215
1739459,0.543492536534127,0.5352573869134402
976238,0.6564208425369751,0.6486092025947816
3450559,0.6763025706200524,0.6685238663438198
2584214,0.6916662774358671,0.6834587351401624
3018980,0.8403743473506132,0.8318951752790115
297493,0.5072360914916887,0.4990657368634116
1524179,0.7150125628067545,0.7071238789134713
1430429,0.901404724008335,0.8933351109039902
3710376,0.5968766940004284,0.5890117933090584
2795078,0.5843092010935226,0.5763257455487826
452162,0.4967307644257758,0.48883917115735676
1142148,0.49298520878780183,0.4851535277928779
2142173,0.3470518646593004,0.3390172274415296
2752334,0.920019612667998,0.9119856182594972
1588754,0.7284668201716789,0.7202618715980269
3950282,0.4644473228857424,0.4567954703051281
2724469,0.5937087317734723,0.5856535425633581
1534685,0.5360587113146564,0.527776626740934
2595761,0.854548572786917,0.8463134231662301
2887269,0.5490086364554169,0.5408884570223002
3685904,0.818350223402917,0.8103094323052862
474204,0.5676828573605347,0.5597912640921157
2610098,0.6801805013259365,0.6711735245775249
3426977,0.9539727034646868,0.9459803667887239
913497,0.6189927866180824,0.6110167157028886
2803385,0.42522433343938576,0.4166683508947014
3751490,0.6638215576525072,0.6555836191015484
2566611,0.6261875790840017,0.6185357265033874
604783,1.075678317500464,1.0678037341025362
3697584,0.5231061560753612,0.5150564200640306
2723211,0.6961050414130712,0.687872679778472
594182,0.37228795178256524,0.3644107015643573
2627302,0.8072588324041388,0.7992556634317516
1768593,0.6454268747882563,0.6375047294089315
1619469,0.5143872265785646,0.5064968065386157
1704600,0.8413292052696613,0.8338782890453535
960025,1.1254060082911708,1.1175576465832273
2936443,1.0451832506460275,1.037435930718736
1992763,0.5351664415736131,0.526952365470591
750159,0.7280084101521972,0.7193272292342759
3944923,0.5519517442361646,0.5439215469146949
2746055,0.6145391978823976,0.6058241453932451
3527884,0.6427559738676005,0.6348769900190574
2037292,0.5750997540045024,0.5663651038937445
3266125,0.53984057685043,0.5320095882770537
2215612,0.5249607030526485,0.5170834528344406
3696227,0.378795026516503,0.37060395735005525
967572,0.6197435122556193,0.612086502979914
267870,0.8637773995417648,0.8555951858030773
3030549,0.7684589660221036,0.7602830764833827
2551417,0.762830576026091,0.75542495663498
254811,0.8253707102820993,0.8171327717311405
3139855,0.5393241574253496,0.5309751505536546
3917199,0.7156656214065314,0.7076043830432652
1390856,0.3364117596155452,0.3287400447681604
398972,0.8803156130251186,0.8722606053574826
1887329,0.510388388121959,0.5024740476122442
3032622,0.6337182430683221,0.62544157876298
1201778,1.0009992418414213,0.9927429646381766
2012189,0.7218222344356177,0.7139687329485028
938483,0.5324770928031377,0.524692884391404
3198833,0.4451211249413681,0.43735893798579556
1661521,0.8427694808569006,0.8347880764498445
2259671,0.4786502310738089,0.47060115916380896
2000034,1.0210275217729212,1.012753361273048
428525,0.7458513825269613,0.7377899624807907
3944577,0.4009436771488709,0.3930002655913184
3079530,0.778475101257867,0.770587352496803
1767190,0.313266529847106,0.3052867231243048
879791,0.6487375514584324,0.6408085614574346
3915090,0.597260509486499,0.5896221976296866
1639629,0.5958746563552454,0.5872466173183001
1680629,0.5958845208435742,0.5879485262814421
2653781,0.8962769964710645,0.8874885478396272
915252,0.7929220318424891,0.7846833023257253
2111366,0.47725244594133076,0.4693926924894213
2445908,0.8468975674080402,0.839494232099974
889944,0.24083929424563827,0.23267826446846157
423830,0.7059334933630577,0.6980226518678425
591219,0.7013141741007408,0.6936114396719387
1750441,0.8984215388853208,0.8894696983782618
1152023,0.7793752201792863,0.7714548179272241
1504482,0.7126077405627637,0.704446710785587
866761,0.8822927288441517,0.8742178310662791
2392908,0.19938366967239762,0.19119061316049757
1515719,0.5471785729244623,0.5391897090818595
3081122,0.46501168100708345,0.45712347014913746
1748868,0.46559839820527593,0.4574702336047405
1967998,0.6708133246485076,0.6631343697815862
1207042,0.42840821568191356,0.42032980767092953
3961212,0.7636225834099178,0.7564382501503429
906705,0.6383932457551055,0.6305242148405302
1065551,0.596715384563333,0.5886457714589881
1354515,0.6899032317359243,0.6818355760340311
3107163,0.6050281216421302,0.5966715947386743
3377017,0.6105580633223476,0.6025861788125115
749344,0.855935928760297,0.8481782834570148
1852696,1.0848979340161151,1.076000892233704
1291407,0.9029740362769221,0.8939670595285103
1302553,0.7134194288291298,0.7052873025419919
2937531,0.47992200953761743,0.47223678902653565
3308909,0.5524967520413001,0.5445246273254345
3294608,0.629144124856038,0.6210357988326818
677398,0.4640467908861252,0.4563715680939472
2986296,0.47358663526316613,0.46557184984708766
3876053,0.8696749108563875,0.8615203726913421
2221154,0.6913812260101271,0.6835014856608204
3393461,0.7902954112221616,0.7821953175621099
2724900,0.7242297200249735,0.7161329020577609
712654,0.33815867370751296,0.3300330777443373
881640,0.7928283911436707,0.7847900800323371
1028514,0.7278709619887063,0.7192957395245165
3776285,0.8383575332439047,0.8304315265922319
1346623,0.5340889792707688,0.5259374246609371
3351910,0.6981278336678063,0.6901763489875758
2672024,0.7743012357296903,0.7663293512198542
2904432,0.5832730813004319,0.5744846326689945
1363619,0.6911449763181307,0.6832140180115857
2808776,0.9468932004997959,0.9384412208628707
2260859,0.5342332596195046,0.5253906811111468
1039786,0.5242348744817114,0.5159821847993715
2709047,0.7283160084651646,0.7205972745139142
3924425,0.5394520021356994,0.5315491924982372
1274151,0.6738552704184023,0.6654848438591385
3832962,0.8859062812784595,0.8777661353483401
523895,0.6390739283440912,0.6311711187066289
588805,0.5879030225865385,0.5801442237970942
2675885,0.6998696557293911,0.6920442043692979
1240195,0.7061074535732484,0.6980990434406399
2633142,0.936597392279947,0.9285657171729885
3258596,0.6318742156355659,0.6238978763016048
2852408,0.7149171793888592,0.706806107385534
3108884,0.7630324869919224,0.7551525690502844
1685739,0.5299659110044256,0.5221668484016833
2836866,0.47566235037368493,0.4674510551223719
1409972,0.7632441574825389,0.7549434489062896
3727286,0.6299063968101266,0.6213253000013033
1660083,0.32686043677650195,0.31882093970907405
3494508,0.6001624622350525,0.5924263710931897
2796424,0.7118518411235384,0.7040654657378134
1946312,0.6368068458286077,0.6288566408062127
2413151,0.9623618726936563,0.953814126829324
1196025,0.28405700346165136,0.27586672068533863
359610,0.6765193695580778,0.6684342869306293
1123013,0.7449309317993337,0.7361622014953159
3496815,0.4945853547472957,0.48690867409815974
1689179,0.5554923111503236,0.5475244080054427
1238632,0.7616274987100943,0.7536448096233778
3003742,0.4936786689005465,0.48501696563731816
1015730,1.0710832597347946,1.0633942934291045
3192693,0.7982704569413241,0.7900948137482179
1833879,0.4343699849980228,0.426134835377336
2052228,0.5851047340448038,0.5770899486287253
1862178,0.9135819904776159,0.905576291569097
1877573,0.6403825792056932,0.6323732196358539
2915462,0.742030992339333,0.7341687542873465
3755853,0.6968215435330243,0.6886577499271326
1958482,0.3470365728299065,0.3396269320390405
1064880,0.652283643444975,0.6440365406652097
3156608,0.9162306689375332,0.9080706065767203
2798800,0.8687190832311428,0.8608708984043372
1671502,0.7197518777618707,0.7117989803090434
2415945,0.42150407367261333,0.4141852783646466
3956863,0.48850268227599225,0.4810877221945604
1999862,0.6153049875640381,0.6062980108156264
749251,0.5426535596338125,0.5352657926901494
3943219,0.7632094815332064,0.7554521651327801
2188754,1.2175985264310936,1.2088100777996562
1626624,0.6224904617740106,0.6145797985680611
1067131,0.7726053087551865,0.7644769609633737
2272043,0.6104294614215618,0.6027665023261477
1975264,0.7437062588876067,0.7359403129226383
2164396,0.9175846617673946,0.9095555248054856
528477,0.4893101804306482,0.48126589392639685
2504644,0.5853750788831492,0.577348660162338
2655606,0.48675607405555865,0.47894684342356586
199655,0.8506848607738031,0.8423600380764094
2050990,0.6737935201597283,0.6656352532755806
1860485,0.5146747170226621,0.5066858531800593
2770391,0.2664094294819815,0.2582337862888752
445307,0.4925289022218753,0.48452844269919826
2716950,0.7851908222286892,0.7760725521193131
2241433,0.7976416510982267,0.7893467488815469
2434781,0.8692852903035992,0.8612964264609966
3007016,0.6738213483573287,0.6661050536564346
696432,0.6658279156221113,0.6575817904618868
2805236,0.4574919138284108,0.44950690025679974
750884,0.4604023744622397,0.45253139012645976
559574,0.37436363376200504,0.36642636182934024
966986,0.7453617045877237,0.7366466520985713
1302004,0.9053020600289161,0.8972027440248236
2277781,0.8216659928542798,0.8136341367307086
1384187,0.9600073124868982,0.9522884045720528
3046190,0.6171492834377714,0.6088097419865608
2774927,0.4394328637823538,0.4312836624120462
3471198,1.0382088906867604,1.0305113708520441
2672210,0.5742132653681984,0.5662644726401104
2666759,0.7578500203393448,0.7498470317370384
276145,0.8770507673799551,0.8688036646001898
1157357,0.592972680426379,0.5850585783816127
3258560,0.5498071747316757,0.5417429633545614
3122196,0.6940402117998794,0.6859234004808813
470644,0.75069691200525,0.7425913310322194
1707768,0.9933848193383329,0.9846046765868559
394165,0.6624951065437549,0.6545087066717512
1686221,0.5346838895351154,0.5272387322760022
3102125,0.5008394648705333,0.4931343539878258
3545986,0.6153837930706915,0.6075661106822509
3677131,0.793680605781464,0.785469310530151
3706558,0.48478770103673663,0.4767691899152626
1141875,0.6249361541404148,0.6163357609374012
875923,0.5869702008765816,0.5787945576834753
3041226,0.5957392437772978,0.5866414320039782
3856480,0.3628051652047058,0.3550480582668683
332701,0.5899500823868407,0.5818948931767265
2207278,0.7748959762069663,0.7669791939584656
2665123,0.7779029335075831,0.7698380090871959
429339,0.5821436263175499,0.5742034270903047
1539627,0.6000740890814261,0.5918981538700238
2538383,0.43726129836786426,0.42928419318555117
1960213,0.5872877751923954,0.5796173532249992
1283881,0.8365760471210387,0.8275135945357345
1481147,0.8489584152366083,0.8411469513479422
3155146,0.7655391405626784,0.7577794065893458
1243667,0.47256033477404696,0.46465484875715674
1992369,0.6905890935824583,0.6821821655605137
1898409,1.0718232436530997,1.0640142483190171
1381826,0.7300451774295341,0.7222676295987756
296625,1.2239417842465032,1.2157066346258163
1731178,0.5176811881029912,0.5094258896068323
337257,0.9031709111398377,0.8948972353460454
849068,0.29873154437781746,0.2905596378456198
930478,0.5605084962782804,0.5524847948783143
3542857,0.1286091674473554,0.12078013784538277
381870,0.6506322825628571,0.6427047983341809
2572932,0.370771792696278,0.36253761927819295
900884,0.6962172523768443,0.6881647902277411
2991179,0.6477455304956081,0.6399713895427761
761318,0.761921252042649,0.7542299135308064
2427593,0.7412466611153855,0.7328697598782147
1863213,0.7073070274314098,0.6993873855838897
1078532,0.7045988168813857,0.6965019989141731
1450297,0.4276787379197623,0.41959134314844415
3911628,0.8068501816148373,0.7986534527907002
834321,0.6694547588170943,0.6611647856988419
3942209,1.1886272008103593,1.1807868075245955
556168,0.43764655141776604,0.42990516076726953
1246293,0.298678238757515,0.29085790881899043
2815393,0.6531159085025505,0.6439620614205903
3839282,0.5076263354965077,0.4992475906654815
3362262,0.731512511933334,0.7237145998187062
1046701,0.7949409287723885,0.7865919219006936
2458943,0.5875696896316449,0.5792689810553955
3659302,0.47545869127455226,0.46628425984940286
2527307,0.826008917676873,0.8180343333945911
2404146,0.7588054853871053,0.7509481560848374
2587830,0.9798542731691728,0.9714444980421804
1283300,0.912878415949983,0.9046671206986701
3294678,0.4923890980792799,0.48457722275949
1149095,0.6274254677900662,0.6196642752496943
2110886,0.5709687298299686,0.5630402778402622
1290662,0.6913866692766013,0.6823796925281896
1221931,0.6076581860312168,0.5989964827679884
278931,0.13417782938571055,0.1261717088156764
2486560,0.7838819998266104,0.7757916838297956
2931431,0.7382353507172376,0.7304919000015506
2145782,0.5624495877124431,0.5543657070791672
866340,0.5745088650540979,0.5663094710632639
3918413,0.4565212907957641,0.44931677830240746
542528,0.6085992344092916,0.600673466574077
2788047,0.6497841281401533,0.6417952642975505
705659,1.0294030853320124,1.0202848152226365
3306044,0.4314165589002871,0.4226562700848103
3167589,0.6330801744459719,0.6248421733390918
912094,0.7132553468963024,0.7054785731392056
3744812,0.9167501277801011,0.9084373708872279
3850652,0.8542206153575921,0.8461470077971961
2661342,0.7466298828913425,0.73791483040219
1314648,0.44801732350881296,0.4399271898461403
988625,0.828204806751564,0.8204460079621197
280002,0.5423804228625146,0.5340732935364922
636253,0.7757196321539936,0.7682757974712392
3881685,0.832625043424286,0.8244850809513427
714067,0.25376980986417297,0.24562587995431628
3378989,0.7306448781979342,0.7219102280871763
715854,0.7474170313786367,0.739261280713333
1425072,0.41470825741680195,0.40656278062222206
873492,0.7024567044140627,0.6935820951262699
197995,0.38305226532275427,0.3746608673330678
1524594,0.6222506365334317,0.6135889332702034
2193105,0.5550361491674766,0.5470615648851946
1498624,0.6557035205119642,0.6474416501910399
2021272,0.4780480847503697,0.4700325297945381
1781477,0.5889141603184667,0.5810431759826867
3418098,0.6137489700162193,0.6059789094816386
2827766,0.577349586129703,0.5691593033533903
3261058,0.6321030958940584,0.6243960841850797
1430058,0.6302914748793298,0.6221067367573894
1077112,0.5541015340892795,0.5459994751565668
3320701,0.5973816613509996,0.5894274838069654
1981159,0.7593254640030112,0.7517512287398939
2567736,0.4171087373822245,0.4093675799855692
1242577,0.512552499514403,0.5041137824648393
3037484,1.0817077011618847,1.073469762610926
905207,0.4599928709808724,0.4519683968033482
1169248,0.7447188087596064,0.7370000748083559
1648002,0.7397806781648203,0.7321559836473095
1980060,0.703753609590955,0.6961413629800234
460101,0.48792364951885336,0.4798415475998079
1168901,0.7708655301259311,0.7626188156888736
952982,0.6374160745415034,0.629464589861273
660984,0.7949741248878024,0.7871250096192808
2869879,0.7918157379562653,0.7836602330297772
3798489,0.46894877905353016,0.46115110189577724
1751053,0.7225442734878432,0.7144865378971265
538977,0.6649649982734314,0.6569751266391783
3877955,0.5804433933216167,0.572522214933526
2043351,0.533693942149837,0.525235234115493
3686324,0.7144500090866618,0.7063035666049102
1002864,0.44473264936374535,0.4370000939864298
2269270,0.7281018992815386,0.7202764479214454
332824,0.7052671260181804,0.6970995374398337
1667865,0.8589565724109225,0.850720370423141
2197072,0.7150606798093718,0.7072778631705042
2600292,0.5389526364837939,0.5304488318424954
686741,0.6437856909539629,0.6360495998121001
3807634,0.4282292533806227,0.42045942696372784
2456643,0.7381158766897412,0.7289414452645918
2550158,0.8959922789178791,0.8884151839826167
1475323,0.4595510199799461,0.4518928452154126
744647,0.5459167044222452,0.5381615106659642
422604,0.9117697276591855,0.9038640034369619
1163501,0.4956016814508132,0.4879103429389704
2006458,0.9055856954844541,0.8977181589555381
3430493,0.8244775144186053,0.8167785324917578
3195910,0.6376557642468623,0.6298308559578217
442695,0.7562521619193487,0.7482452726415169
1050540,0.5975859968882854,0.5884881851149658
3176957,0.49555374260241614,0.4864912900171119
2817731,0.5511111503619179,0.5427983934690447
1071845,0.8296885726517664,0.8214865866947765
2680385,0.5053563270995199,0.4975359971609954
1165968,0.8621591110596918,0.8534479922756306
362946,0.7026186587851522,0.6945140386555304
1663801,0.5986803084770723,0.5905732873525302
2517825,0.6807087590170176,0.6726239199991044
488545,1.0733845298151239,1.065278948842093
3901915,0.5293596313382761,0.5215753638160833
1151331,0.5873829491558343,0.5795965737701093
3187072,0.5588001607201667,0.5498220439922471
2744414,0.5520186277808795,0.5440556016757
834749,0.4009450873741619,0.39257848650114346
3091430,0.9251776650539816,0.9164430149432237
357889,0.34722868499747983,0.33922917385701323
3418581,0.9480898872594066,0.9402468387322465
1259971,0.535021217993448,0.5268742845728019
2965936,0.9067837662016828,0.8985638292887683
2203829,0.6649299552903483,0.657084250622563
604689,0.27409471624844,0.2662516677212799
225942,1.0070811389065029,0.998828449224163
1812669,0.5284986858330254,0.5202340175325497
1992263,0.522738463857813,0.5144257069649396
1266254,0.3960276740262579,0.3877363761138392
3332879,0.7374807132494205,0.7286732286251365
1614152,0.7413213600323513,0.7324243182499404
3437233,0.712677897348303,0.7048664334596368
505489,0.729750736373602,0.7209820060695842
3712737,0.5292113254725075,0.5213883470872751
1778099,0.9698641531985115,0.962055157864429
1388329,0.4626266735507021,0.45485421579071106
1465975,0.6953547447518716,0.6874404643403357
2733910,0.3876857431606167,0.37978636745518984
1961522,0.7389451724948387,0.7312189213530846
1536829,0.5032544311653551,0.4949723465916326
3791569,0.745337265832465,0.736602615721707
681007,0.885696876850091,0.8779495569227995
3276126,0.7764784801232043,0.7683700925281572
3891160,0.6672173688076134,0.6592552866472509
918563,0.6887760448142473,0.6808537208868733
3062173,0.5608508134273509,0.5528890688374053
3106700,0.6116578978549847,0.6038880714380899
2966576,1.012528346384027,1.0040725020208248
2893236,0.48112618568420507,0.47251990089367046
2603448,0.4991270334416564,0.4909933625118141
3436239,0.8848181587860879,0.877018016651617
509664,0.6543322047685598,0.6467609663245923
2190106,0.8155817487506772,0.8076238736750618
198579,0.3574620602026384,0.3493634602824779
3476740,0.6828572182126211,0.6751048246769672
1543588,0.25782903379269057,0.24967431184196437
3744002,0.45632651532278284,0.4479720408066015
2039614,0.4523816518542362,0.4446343319269447
1623171,0.6117460067877344,0.6038299845962342
2771257,0.6404582682272069,0.6322944746213152
813664,0.45413317445098983,0.44598007115121535
3457465,0.6165955232447804,0.6080477773804481
2628035,0.6857995402206915,0.6778399742128312
915858,0.396662723448559,0.3886538441502271
3780404,0.5728748925146944,0.5648395448686188
3199401,0.478732554874303,0.4705988839444607
3040938,0.7382688230496699,0.7301323975565079
657906,0.6422708833394792,0.6345956605473012
971545,0.6244482679570673,0.6166762762630547
2169699,0.6972212632704524,0.6891598432242818
2005236,0.592876720944024,0.5848333880172759
3024917,0.6065120691614269,0.5985695992235639
882211,0.5340816250031386,0.5259678060898857
2218323,0.7733412980144182,0.7654438384178771
1049285,0.7216686343343108,0.7125503642249348
1860323,0.6814990558252034,0.673467380718245
2453876,0.6303431986235262,0.6211488951574393
1519134,0.7871151856942871,0.7792668239863435
3434453,0.6992762605647196,0.6907285147003873
996474,0.6621870819387122,0.6543894047809593
3108360,0.46223645784657785,0.45455123733549607
397099,0.3631054887090634,0.3549353802596303
3279348,0.8893582799436179,0.8813202110325591
3357547,0.4386517905011214,0.4306950985079689
541003,0.6490761137322942,0.6410886234248604
1631167,0.8311168932639996,0.823262460704852
3330101,0.4877847209472681,0.47996415536930315
2498763,0.47840589522031945,0.47021856976518933
1606301,0.7641760272080116,0.7561091460478454
2220037,0.8393500561055142,0.8316845018588789
208144,0.8035041745558351,0.7950821928042472
1308064,0.7059432125924278,0.6977136380000516
982093,0.8107670231324241,0.8018653624704128
436248,0.5886983569279476,0.5798841116776943
2200196,0.6165146281795201,0.6085773562468553
3414312,0.4572155845750123,0.4497040866959249
3519495,0.5048944941253375,0.4967898739957157
896326,0.6695436075045261,0.661308643482145
1096748,0.6858122625847294,0.6778258627127257
2240957,0.6037174346459155,0.5956532845050364
2713531,0.851457486381549,0.8431272118775365
1479115,0.7630177065775343,0.7551922552174412
1377610,0.5281035564466766,0.5202769415183222
260500,0.513301738503416,0.5051298319712183
1634723,0.5788699812085014,0.5708749378337259
3472007,0.3458106999319243,0.33810200729727974
3430625,0.5498945232594624,0.5421220654994714
2979280,0.8252455590930937,0.8162937185860347
2876379,0.8444702400172389,0.8364734370881338
3044993,0.5010930305071647,0.49287079150864155
473343,0.5891206153028579,0.5811316907957168
1761435,0.26590315110106866,0.25826314939756556
3019319,0.9295196860119173,0.9213558924060254
1239255,0.7975760094174832,0.7886989296090551
1831331,0.3236313611638835,0.3154622212070087
1535511,0.5079626171229173,0.49971060828553837
3202670,0.9838727343381208,0.9755880085273463
742245,0.29430277700419566,0.28653124059886553
2990990,0.9614636179467716,0.9535094404027374
3091599,0.5182705958097105,0.5104990594043803
3840303,0.722886810858707,0.7144689604570004
3855323,0.6847750970304275,0.6765675547347229
2990943,0.8492956723267455,0.8411547448203811
2267823,0.4916128694609384,0.4837470363461025
1619593,0.7000449462499867,0.6920907687059525
671305,0.18727508344668092,0.17998806511278914
3932574,0.32340566595895537,0.3156397199939871
998878,0.28501979981843356,0.2763386189005123
525966,1.071887360042762,1.0638663750436999
748148,0.6348073275472952,0.6269071933831805
2043985,0.7334479027442693,0.7251592250220936
2929551,0.38312729477763663,0.37457954891330436
