ufid,size,X._treated,X._censored,X._effect_size,effect_size,link_type,snr,tx_importance,deg.y.,deg.z.,deg.c.,n_conf.y.,n_conf.yz.,n_conf.z.,n_conf.c.,n_conf.cy.,n_conf.cz.,n_conf.cyz.,dgp,instance,random_seed
aa57a3f1b49f43d69c623b8afa9563ba,10000,72.2796682876,0,1.1933157619900001,0.42841065622900004,poly,0.841833136697,NA,1,1,-1,3,7,0,0,0,0,0,0,9,94877
8e0e0670be8f4d1eacd67ee28fc816be,5000,57.3678824095,0,15.2684394819,0.535027737705,poly,0.8528533742209999,NA,1,3,-1,2,8,0,0,0,0,0,0,4,307553
39a4a172dcc44fe7a2c3349630aa14ef,5000,50.7909168625,0,-0.126776298192,-7.6074640767999995,poly,0.839553222132,NA,1,1,-1,2,8,0,0,0,0,0,0,8,847471
59aab13e97754870890252ea62a21cf6,10000,66.3500743353,0,17.8225322671,1.4186310502700001,poly,0.8527412012800001,0.51389834237,2,1,-1,3,4,3,0,0,0,0,1,0,735354
b2744e80e70446c2a9154113d78b88c7,5000,64.0215164333,0,-4.37750767746,-1.42664188486,poly,0.848850443933,0.480898346963,3,3,-1,5,3,2,0,0,0,0,1,1,418669
0bddc95033084ceca74d8e2153919f4f,10000,76.7893927655,0,-5.24524103335,-1.13333562375,poly,0.864421956707,0.51389834237,1,3,-1,3,4,3,0,0,0,0,1,4,405639
0eb9719a7e5c45259e3f7142487f6685,5000,46.6566394075,0,-0.7170195659499999,-0.0115724273355,log,0.87198077213,NA,9,7,-1,3,5,2,0,0,0,0,2,1,286372
3333771701264a0bbcfeabf443bf3f3a,5000,45.880946004399995,0,-25.888928549,-1.42081837405,exp,0.878457496352,NA,9,7,-1,3,5,2,0,0,0,0,2,6,624234
cb769456aeea4ec59b0edc0a32dfebcc,5000,31.9157554448,0,3.3528379360000002,0.056951484879,log,0.852590983077,NA,9,7,-1,3,5,2,0,0,0,0,2,9,474373
e979147cf22b4dc0b5b8ad7e6abe29f5,10000,61.823416773299996,0,2.0645097037,-0.04077564525,log,0.862212961421,0.62133493456,6,8,-1,2,3,5,0,0,0,0,3,7,907658
99befd1fd1d34fec98278b00ea857752,10000,68.1386888011,0,-7.98717509545,-0.0914323102012,exp,0.8601969788930001,0.62133493456,6,8,-1,2,3,5,0,0,0,0,3,2,155299
1825c912468e4e9a99dd494dfbe462b4,5000,43.851212322100004,0,-5.302196541,-0.043786733118,exp,0.8844873470819999,0.5581106265510001,7,7,-1,3,3,4,0,0,0,0,3,1,693964
8f855bad3d1a41d5a8a5c25b2687864e,10000,50.9625819666,0,24.4011484811,-6.56832956457,poly,0.9361347275409999,NA,1,3,-1,7,0,3,0,0,0,0,4,2,38123
c063f02840c04fdd8a68b7cf021ad272,5000,55.85461177689999,0,10.9297432476,-2.1694264221400004,poly,0.9317856615350001,NA,1,3,-1,4,2,4,0,0,0,0,4,6,332672
2dddf963807e4f06aaadca8df9bf85ca,10000,56.582489485299995,0,0.46494815197300005,-4.6554303273699995,poly,0.963108909692,NA,3,2,-1,7,0,3,0,0,0,0,4,6,393537
f3639c6812ce4a0ebf62247a652f9e9e,10000,65.7856720579,0,-2.8119977628,-0.46187393979099994,poly,0.939550389798,0.455119613313,1,3,-1,4,5,1,0,0,0,0,5,2,486084
02088eabc1ed4044bbffd04086238d73,10000,37.2266180491,0,19.3466953998,4.4929733525,poly,0.9497817941009999,0.455119613313,3,3,-1,4,5,1,0,0,0,0,5,8,161526
ba652c91d91648eeb72452cbfff2b6cc,5000,72.8859935114,0,17.6523911697,1.3288597417499999,poly,0.9797781900929999,0.62133493456,2,1,-1,4,1,5,0,0,0,0,5,8,507033
405300e5ce2541569d97ccf6f30a9442,10000,50.094847656599995,0,2.36126042314,-0.011173750117200001,log,1,NA,9,7,-1,3,5,2,0,0,0,0,6,1,75810
958b067c3cc54734b3e7d1d2df803608,10000,62.0865492615,0,-3.69983332319,-3.87377389079,exp,0.921012705977,NA,9,7,-1,3,5,2,0,0,0,0,6,4,805371
0c2d7d676f464277a7054fdd240d414a,5000,47.09877895020001,0,-764.9463110160001,0.9353857031910001,log,0.951555248924,NA,4,8,-1,2,1,7,0,0,0,0,6,4,819496
16d018f21c4447ba84bcc3ff55d75ad5,10000,57.593798848199995,0,-185.513893247,1.9815231656599999,log,0.9500410716299998,0.7213475204440001,5,9,-1,1,3,6,0,0,0,0,7,2,597981
d9be240c4d634943b00bb11952f9ca49,10000,62.169518168100005,0,-7.4979692040999995,-0.0961165135108,exp,0.995248474129,0.7213475204440001,5,9,-1,1,3,6,0,0,0,0,7,6,535009
da8ea9edb8474ca5936d49e1f2aa97de,10000,53.2749844129,0,-9.48508566864,-2.1111739362099997,exp,0.9708728666449999,0.7213475204440001,5,9,-1,1,3,6,0,0,0,0,7,8,774172
7237e7a624664414afe159630bf02c2e,5000,23.324348894899998,0,1.49387821347,2.5628753423900004,poly,0.859577377289,NA,2,2,-1,2,7,1,0,0,0,0,8,6,411479
b20ce50693224437b2b4036847308639,10000,13.1158479725,0,-0.141554007229,-0.855585764426,poly,0.8703827069560001,NA,3,3,-1,7,3,0,0,0,0,0,8,1,650853
a515b8aabf9b41d1882630feef1e66d2,10000,30.918664802600002,0,0.039200601038800006,8.44523464784,poly,0.857006593686,NA,3,1,-1,7,3,0,0,0,0,0,8,3,816573
2550a226b940462dbb414b115f5ae8f3,5000,7.0543720178100005,0,-2.72303647322,-0.450344288882,poly,0.895734682186,0.51389834237,3,2,-1,7,0,3,0,0,0,0,9,0,267061
386b6a5e615e4005aaa013c8249d9eda,10000,18.9108790528,0,23.744668333099998,-0.610435157307,poly,0.852787295373,0.51389834237,2,2,-1,4,3,3,0,0,0,0,9,1,657037
4153abd0e2a64f05ae0d7396a0ef451e,10000,16.541140454,0,1.28761102625,-0.519429810607,poly,0.8630100191590001,0.51389834237,2,3,-1,4,3,3,0,0,0,0,9,7,656616
cae79d12a23c4df49139d9c5d6b81988,5000,20.6240893698,0,-170.65378359,-6.54616571722,exp,0.858351312641,NA,2,9,-1,1,0,9,0,0,0,0,10,3,538551
1ef04f2389764c19830c2dcc8f1da5cd,10000,7.39207364207,0,189.69567790099998,-0.229651962512,log,0.863285377677,NA,4,7,-1,3,0,7,0,0,0,0,10,5,954264
84bdfece754f4a3583495a5a1a9c2398,5000,18.262675699000003,0,-58.2600434899,0.42247086050300003,log,0.8436419742649999,NA,2,9,-1,1,0,9,0,0,0,0,10,0,34
85150ec691854843817f4116008075e4,5000,29.222403557800003,0,-241.83937739200002,4.34961096019,log,0.8643783626010001,0.7213475204440001,5,6,-1,4,0,6,0,0,0,0,11,5,10707
f8feb61f74744b13ac09f00e3f24e915,5000,25.0086951605,0,8.49499971418,0.0463409675352,exp,0.880199680951,0.7213475204440001,5,6,-1,4,0,6,0,0,0,0,11,4,963395
3f60e679c3e5428397428f45f8fbd3df,5000,22.2464523041,0,-72.67135664359999,-0.16159630123299998,log,0.85611772561,0.7213475204440001,5,6,-1,4,0,6,0,0,0,0,11,6,374164
b4c551b9d0114c5087e64352876ad3b9,10000,34.7649907969,0,77.5392316012,-1.47552804826,poly,0.984687763117,NA,1,2,-1,1,2,7,0,0,0,0,12,8,777689
f5eb5080744241008ebf473474a799e3,10000,25.4610401784,0,14.5664543102,7.9935266912100005,poly,0.943019115937,NA,3,2,-1,1,2,7,0,0,0,0,12,3,967180
d3918aaf09b3469f8ac25f4e49a6d1ae,10000,18.5585420174,0,4.9316266945,-3.6521299833499996,poly,0.9354471054189999,NA,3,1,-1,1,2,7,0,0,0,0,12,6,920864
60d67701d9fe4b478d4872f97c4ef0e1,10000,32.5487643628,0,65.93778935659999,-0.903801033864,poly,0.950726722877,0.434294481903,2,3,-1,7,3,0,0,0,0,0,13,1,613168
715f33728d0545bba499db7a1050cb02,10000,8.09993691922,0,-2.8980450467799996,-1.91752971322,poly,0.950519942889,0.434294481903,3,1,-1,7,3,0,0,0,0,0,13,3,76918
1ad972ec77954bcd941637125088173c,5000,31.2183590805,0,2.06249337447,-0.026726200327,poly,0.982130883236,0.480898346963,2,2,-1,0,8,2,0,0,0,0,13,8,969005
941551f244814907af7280e4709537ce,10000,25.0955517865,0,1.28242133771,0.029826077600099997,log,0.958782802615,NA,10,3,-1,7,2,1,0,0,0,0,14,7,179374
00f0cf0a26884ee89a7b8b24f688cdab,10000,10.9847583092,0,-27.321859507600003,-1.0249888602500001,exp,0.965755640931,NA,10,3,-1,7,2,1,0,0,0,0,14,3,942691
3c744cc6825e4521961507b43c00a9f7,5000,15.7629570879,0,1.5204829401299997,0.0173693033519,log,0.958911172644,NA,8,5,-1,5,2,3,0,0,0,0,14,5,525050
fcdeb55efbf34482a2e0d9e2227cd9e1,5000,6.399040990980001,0,-234.27211463700002,0.686112479036,log,0.914574837391,0.5581106265510001,7,5,-1,5,1,4,0,0,0,0,15,4,547973
75a52bc894434238b44e53be249d3fc3,10000,24.3262539404,0,66.83063909149999,0.784195630084,exp,0.9162141069769999,1.44269504089,3,9,-1,1,1,8,0,0,0,0,15,3,677896
668c6dc5b0cb45ec9334e3da7f207127,10000,4.51987664481,0,72.4483542374,4.8343659987,exp,0.941229577382,1.44269504089,3,9,-1,1,1,8,0,0,0,0,15,2,784682
3ddace6686da449bb4ea3a684ebe922d,10000,53.9454236562,0,-0.6615651500299999,14.054548263800001,poly,0.83152522253,NA,2,2,-1,11,5,4,0,0,0,0,16,4,43417
a4738899758642e8bafca4e69994147b,10000,52.6815830804,0,-0.017299552127200003,0.687828252239,poly,0.838327069004,NA,2,2,-1,11,5,4,0,0,0,0,16,1,329507
df8819e0c86b47dd86c0109a866ce5c9,10000,43.6947381563,0,5.34636891152,-4.59398883025,poly,0.836944972538,NA,1,3,-1,11,5,4,0,0,0,0,16,8,203129
1fa62054f2924fccb2d895e4ffb6f73d,5000,51.2908570829,0,-6.48072560471,0.9645279734890001,poly,0.823282976643,0.480898346963,3,1,-1,8,0,12,0,0,0,0,17,4,362632
3f3cdb406ddf4399982a7f8fb147e361,10000,44.748984192399995,0,-20.5409050459,2.3984159836,poly,0.836147021222,0.33962327189499997,3,1,-1,18,1,1,0,0,0,0,17,0,866389
39351df510784bcb8d10171147bdf956,10000,44.79134101020001,0,-34.145307292800005,-1.13382057674,poly,0.847271225671,0.33962327189499997,2,3,-1,18,1,1,0,0,0,0,17,8,6819
75e531dad16a409da433f1d48a37b245,10000,87.0744275216,0,13.1660585846,-0.251764288983,log,0.894846933697,NA,17,14,-1,6,10,4,0,0,0,0,18,9,584676
299bea0dbdcb403cb17b0e84c7133edf,5000,46.1638957279,0,7.070807123080001,0.46800059100599994,exp,0.852812677464,NA,17,14,-1,6,10,4,0,0,0,0,18,2,700341
48950f8461df46c6bd22c2ec36d614be,10000,59.723599494300004,0,11.8326838559,0.0812155030888,exp,0.847471243693,NA,17,14,-1,6,10,4,0,0,0,0,18,1,691032
da208f1f4073436ea1c44c058e3534e3,10000,46.374183244499996,0,-1.1912294672700001,0.007767201940770001,log,0.8444615199879999,0.333808200695,21,13,-1,7,13,0,0,0,0,0,19,6,711179
c92cc443f07b4c1ea78d267f35927a74,5000,70.23392887199999,0,-6.858013549880001,0.146139250514,log,0.8225943558930001,0.389871245251,14,15,-1,5,8,7,0,0,0,0,19,4,949283
0dae29d741ed4535a2375bc681fda849,5000,70.4704453112,0,22.844931486999997,0.296031882802,exp,0.881554199529,0.389871245251,14,15,-1,5,8,7,0,0,0,0,19,3,160341
b8f4613893fc452291a13215ec17e592,10000,70.14270708020001,0,-17.1982450073,-6.12770702883,poly,0.947283482473,NA,2,1,-1,0,11,9,0,0,0,0,20,9,874452
801ebfa065ae419780b2e691ff836323,10000,55.970537049899995,0,-0.08873582529179999,-4.9910282618199995,poly,0.9227924752399999,NA,2,2,-1,0,11,9,0,0,0,0,20,1,262349
b3bbaa66803a475da419a9ccbbf0b3b3,5000,56.0844316251,0,-0.0206028380716,1.1663531542299999,poly,0.919035151064,NA,1,2,-1,9,10,1,0,0,0,0,20,0,282253
59248db155f94fc8bb59b7dc784e3176,10000,55.6308733372,0,2.77481495964,0.46983905943000004,poly,0.9630138311499999,0.33962327189499997,2,2,-1,17,2,1,0,0,0,0,21,1,438303
81688a6bb8404484b9c807e461580a12,10000,64.7257466976,0,-13.4831362629,-1.21313799081,poly,0.9477494096269999,0.33962327189499997,2,1,-1,17,2,1,0,0,0,0,21,2,428362
5abf34fc614d4d5f9a42024094637ed9,5000,37.5148242876,0,-14.4179981714,-2.6198529485599997,poly,0.944964240741,0.34597625626100004,3,1,-1,3,15,2,0,0,0,0,21,4,110770
8daec94e42ab4c9eaf4a6b656389a879,10000,45.751181236099995,0,-3.2948102653299998,-0.0491328940213,log,0.954446381151,NA,17,10,-1,10,6,4,0,0,0,0,22,6,592007
58b50105370745e28969740a2bef0aee,5000,63.4666666071,0,-3.7364271709099994,0.00812237134864,log,0.938754039301,NA,19,7,-1,13,5,2,0,0,0,0,22,0,105221
7f9b2da504a14860a55de4a0a19db383,5000,47.3631774472,0,-3.6030072189199998,-0.0475899682102,log,0.96350461551,NA,19,7,-1,13,5,2,0,0,0,0,22,5,425822
9645c6f938b741bb93c5cbc4688822b5,5000,55.8534139269,0,25.4564541035,-0.539609872024,log,0.9566582736929999,0.352956123865,18,15,-1,5,12,3,0,0,0,0,23,7,80501
966c17f7fdfe4e0c93cbc4516aca6645,5000,48.778990229099996,0,5.96789670055,0.0695508931691,exp,0.9774151574259999,0.352956123865,18,15,-1,5,12,3,0,0,0,0,23,2,371946
2e3b3ffc10e14ef686b47d9535d75a7c,10000,43.188783658,0,35.793676679899995,-1.5428742904600001,log,0.9625586251389999,0.389871245251,14,9,-1,11,2,7,0,0,0,0,23,4,390417
90a08042345440269d20732e90577cc6,10000,27.5896792872,0,0.051376153093099994,3.3729817796900003,poly,0.840511798979,NA,1,3,-1,2,15,3,0,0,0,0,24,8,35605
d512905e9737474a99b1d5a339b4f1f6,10000,21.8715424904,0,0.973730414949,-0.425205086162,poly,0.868183092278,NA,1,3,-1,2,15,3,0,0,0,0,24,0,658404
fcf1161ac788473698c156b15f506078,5000,34.1636377684,0,-0.037307893500599994,2.70326012135,poly,0.801801205092,NA,3,1,-1,0,12,8,0,0,0,0,24,9,75445
648ace3b28564d8295c6747ea46966b8,5000,32.202090010999996,0,-0.274914419882,-0.033337368590099996,poly,0.852816838073,0.41703239142399995,2,2,-1,1,10,9,0,0,0,0,25,1,27775
f4fe9fd9c02d416d9e2971a82d7961e5,10000,12.951424383099999,0,8.517331784389999,-0.42480751492700003,poly,0.8248056925589999,0.33962327189499997,3,1,-1,16,3,1,0,0,0,0,25,0,473194
8138b272bf994367af66ac2fa1dfd497,5000,29.314176445500003,0,4.15468760008,-1.85881688505,poly,0.822989240108,0.41703239142399995,2,2,-1,1,10,9,0,0,0,0,25,2,92952
e39caf4a70134d96b588aec163c1c9b1,5000,6.980276075510001,0,26.6345934452,1.5501646800400002,exp,0.8268091890989999,NA,17,15,-1,5,11,4,0,0,0,0,26,5,209764
55352fa792234274985e49ed083d8cfc,5000,12.9171602437,0,33.7733850308,0.131243546338,log,0.811455907486,NA,17,15,-1,5,11,4,0,0,0,0,26,8,393057
4e72770629f642e5a1fb703e3825f01a,5000,21.3777222898,0,0.27097683674199996,0.00615095650943,log,0.842987614945,NA,17,15,-1,5,11,4,0,0,0,0,26,7,177257
80b4d5e4c7ee483791962ecd05c77c34,5000,23.6940490494,0,-3.68636721617,-0.025428745519599998,exp,0.835879764076,0.33962327189499997,20,9,-1,11,8,1,0,0,0,0,27,9,423561
0fb0a30cc29a400bba636e07f75a9ede,10000,19.559242676500002,0,-0.39982776061499997,-0.00837521170361,log,0.796480328608,0.352956123865,18,12,-1,8,9,3,0,0,0,0,27,7,99619
25a812d81bfc456fa56e30f05a313e1c,10000,3.9876365334199995,0,2.36793382656,0.0146245287138,exp,0.8528150747,0.352956123865,18,12,-1,8,9,3,0,0,0,0,27,0,170063
8d4c047ba1934a97a5d73fda9ed81e73,10000,20.4554898841,0,-286.601341021,-1.29544173025,poly,0.9788988280679999,NA,2,2,-1,1,0,19,0,0,0,0,28,8,749488
5a6704d10276409f9a6c2d4f852f46ad,10000,34.446364918600004,0,71.8713625564,2.03993635559,poly,0.961828264091,NA,2,3,-1,1,0,19,0,0,0,0,28,7,957677
f9e0d9f3825842408bfcdf171c3bc2fb,10000,20.568999772799998,0,28.9173031909,0.788171017683,poly,1,NA,3,1,-1,1,0,19,0,0,0,0,28,4,14765
96bd6811ae2547fe84d8c43cf33e1dc3,5000,49.1222289842,0,-9.98677104771,-0.580718626993,poly,0.9502536222329999,0.33962327189499997,3,3,-1,3,16,1,0,0,0,0,29,6,386802
a9878e9b028e41d0ad88b19f56868e43,5000,26.604920791399998,0,5.49709678395,-0.775874185133,poly,0.944573120784,0.33962327189499997,2,3,-1,3,16,1,0,0,0,0,29,2,509666
7b9c6c1c31734bbea1675969f1684c14,5000,22.8233806806,0,9.011503778789999,2.5497123840099998,poly,0.9418279084319999,0.33962327189499997,1,1,-1,3,16,1,0,0,0,0,29,7,304385
1316d57b936c40e39dede59e4646cd5d,10000,36.3276415045,0,85.0862530646,0.188518606779,log,0.957090244913,NA,14,8,-1,12,1,7,0,0,0,0,30,0,893840
aacab1d4e80a4a63b7c863bd02effa11,10000,22.7214376954,0,14.072139339100001,0.0167237486957,exp,0.9602042783670001,NA,14,8,-1,12,1,7,0,0,0,0,30,1,884291
ffbd1dcffec54535945dbce7aa928ecc,10000,18.745485686,0,-0.31166894463000006,-0.171734131466,exp,0.9518889172470001,NA,14,8,-1,12,1,7,0,0,0,0,30,6,326515
4ccfdb653a31495f96e0f75534a06b3a,10000,21.9091143295,0,19.1158780984,0.0770721001823,log,0.96157343005,0.51389834237,8,17,-1,3,4,13,0,0,0,0,31,3,669067
79c99725f5e94c67a771810aa2e96d04,10000,17.3484107677,0,-66.2704308907,-0.34243335522600005,exp,0.9595033212909999,0.51389834237,8,17,-1,3,4,13,0,0,0,0,31,5,172247
e50fd27795674b95a873891bb56ef363,5000,27.414247051799997,0,-28.0995397731,0.29688578602800003,log,0.9601569889820001,0.36067376022200004,17,16,-1,4,12,4,0,0,0,0,31,5,575418
c8ae3d7f5c9148aaa88bbaf5f1d58e4e,5000,55.873911739300006,0,-0.00576277602862,8.33570535649,poly,0.843645071286,NA,3,2,-1,8,20,22,0,0,0,0,32,9,562366
389dc33d7de5448688bf1225e3d907b8,5000,60.712829917,0,1.02562122967,-11.6807600673,poly,0.831950076583,NA,2,3,-1,8,20,22,0,0,0,0,32,1,845188
4a0210cbeddd4521ab59a27b8d1cc361,10000,59.963567347600005,0,-0.767840027375,14.3311872723,poly,0.7948420690260001,NA,2,2,-1,22,14,14,0,0,0,0,32,4,157133
b366e2d7f90d48efb0e02653698a41c7,5000,44.46701335979999,0,6.604047791319999,1.05868884499,poly,0.852407395293,0.261189256564,1,2,-1,23,23,4,0,0,0,0,33,0,154892
a9a40ea1764b41648cfd9c81f6062e81,5000,60.0716874076,0,11.6268091573,0.771350437969,poly,0.8440286466920001,0.261189256564,3,3,-1,23,23,4,0,0,0,0,33,4,146336
d177310e117c404c89562ad6c976e412,10000,53.74757715649999,0,-0.318369083565,-0.360890129053,poly,0.8583444230570001,0.30341307554200003,1,3,-1,8,19,23,0,0,0,0,33,4,86566
cca7547c722c4c8cba191bb9d39977df,5000,61.800805096400005,0,-0.83130275059,-0.016272695429,log,0.863796883692,NA,37,39,-1,11,25,14,0,0,0,0,34,8,935097
beffae06902e48eabf704aca101d4310,5000,35.9563674387,0,-2.16729657124,0.018338687759599997,log,0.876921884563,NA,37,39,-1,11,25,14,0,0,0,0,34,2,274282
c860cff73661490fb512112a2d39cf5e,5000,71.3719651946,0,-6.58937398824,-0.034658370961599995,log,0.835113079551,NA,37,39,-1,11,25,14,0,0,0,0,34,9,469806
8c9d57ae672240b3b2daba70ee85557b,10000,48.764357625900004,0,11.146756916300001,-0.225150290975,log,0.80849289615,0.36926937306900004,16,50,-1,0,15,35,0,0,0,0,35,5,548065
120391690394493cb9c81799e3389ce9,5000,48.3193130998,0,-6.22137716791,0.0786427825125,log,0.8639296436399999,0.261189256564,47,34,-1,16,30,4,0,0,0,0,35,8,251083
b384c050d147416fbb9d0c518b4d91a1,10000,41.6829025817,0,-11.417916274400001,-0.0876658721728,exp,0.806711895724,0.36926937306900004,16,50,-1,0,15,35,0,0,0,0,35,7,797553
85340e25bac44180a155f963e45db1ac,5000,71.1926560859,0,-7.368050395469999,-4.382732944230001,poly,0.9499537434659999,NA,1,1,-1,16,11,23,0,0,0,0,36,0,252571
7b9b5ea6cdf5415d8aeb88753db5bb27,10000,48.2593884089,0,0.733900665701,-0.292352423659,poly,0.952931262958,NA,1,3,-1,8,5,37,0,0,0,0,36,6,535408
5f03d6f269ce432694388aec52a29a98,5000,48.4933297574,0,0.5072073582109999,0.8201774459829999,poly,0.948907565686,NA,1,3,-1,16,11,23,0,0,0,0,36,2,371743
ae0559e8543f4cb294b67b3b68b1460e,5000,54.14068812,0,0.012331713246599998,1.00112879316,poly,0.943974943374,0.272958420409,2,2,-1,23,16,11,0,0,0,0,37,2,788263
703acf69a49448988c4215310b10f95f,5000,49.2138486763,0,2.67432098295,0.302395764096,poly,0.918220995157,0.272958420409,2,3,-1,23,16,11,0,0,0,0,37,1,337687
9bbf3814b1bc412eb87ca8a38fda65ed,10000,62.2098551452,0,-1.2252231814,-0.271182017924,poly,0.9419204832160001,0.283578492051,3,1,-1,5,29,16,0,0,0,0,37,6,424003
6ecce3b0962949f4ba2ef26d8ccd796d,10000,58.446004961199996,0,-4.68250238469,-0.0445742513349,log,0.958911598861,NA,21,30,-1,20,0,30,0,0,0,0,38,8,121983
981855d7aaa6429699e084c0b247ea6c,5000,58.5371039949,0,-0.418968829401,-0.005457370273140001,log,0.9805248592360001,NA,40,18,-1,32,7,11,0,0,0,0,38,0,999792
d9c0053e793a42daa02cfccbca7cbce6,5000,54.968573237200005,0,1.51215410759,0.0300919779097,log,0.9708391094869999,NA,40,18,-1,32,7,11,0,0,0,0,38,2,895922
f04551ed14464eb596f5497c82f3fa91,5000,78.8662660999,0,-6.72305675311,-0.040304091827199996,exp,0.938790540335,0.34597625626100004,19,48,-1,2,16,32,0,0,0,0,39,2,576934
718378a362b8485ca74adf971d2d64b4,10000,58.7808161131,0,4.21880584229,0.0278719077344,log,0.947141052898,0.255622218635,51,32,-1,18,32,0,0,0,0,0,39,2,687618
1ebe28fe8e254072bce1b31d3dfd45b7,5000,44.9144539241,0,6.8003535485099995,-0.212830899787,log,0.9564819537989999,0.34597625626100004,19,48,-1,2,16,32,0,0,0,0,39,0,57248
5450569d46574d47ac9dce694b68758e,5000,23.4186613578,0,0.278794180241,0.100768591993,poly,0.860700719356,NA,1,2,-1,24,26,0,0,0,0,0,40,0,481509
89226c5c992e4210bf58953cc9fc0fe2,5000,30.656253369699996,0,-0.031123556752299997,-2.76267886378,poly,0.8834970719499999,NA,1,3,-1,24,26,0,0,0,0,0,40,9,249289
8e34feddf5ef41e8a78718a675b2e962,5000,25.8271218271,0,-4.05319864942,2.97723997319,poly,0.8320963887039999,NA,1,3,-1,24,26,0,0,0,0,0,40,5,82764
dfc74521733d4a21898a1bc15035e805,5000,29.959568047199998,0,-6.38688264668,-0.163661184169,poly,0.8518536734559999,0.272958420409,3,3,-1,5,34,11,0,0,0,0,41,8,248435
f8455adb51984837a2b56c60e18d9d5d,10000,20.185282118299998,0,-1.83798954655,-0.281970684802,poly,0.839690893918,0.37892318169,1,3,-1,2,12,36,0,0,0,0,41,6,370289
c35e3dc778e7402fbdbe513531f03dfb,10000,39.263210442600005,0,-13.4836673826,1.53065963054,poly,0.866886994966,0.37892318169,1,2,-1,2,12,36,0,0,0,0,41,3,931926
c2461d1c5cf84739be14acb07c83a913,5000,29.351234783800003,0,1.04094507537,0.008150027205619999,log,0.846827902163,NA,33,27,-1,23,9,18,0,0,0,0,42,0,239084
c32c33708f034a3f94a7ab9eda4b9320,10000,17.4212507503,0,18.0342185303,0.0424827147468,exp,0.849743057621,NA,31,24,-1,26,4,20,0,0,0,0,42,8,480247
f5b56e340b344d478d73faa60a0f563b,5000,7.3110163078,0,-20.0076319657,-1.61208780938,exp,0.882310529784,NA,33,27,-1,23,9,18,0,0,0,0,42,8,415568
f51e937cf6fa40c9bb2237be35e94ce5,10000,22.641126657399997,0,2.84824555073,-0.0541674424317,log,0.8215758762309999,0.26754638641899997,43,9,-1,41,1,8,0,0,0,0,43,7,158037
495e34dd40a440e5b0f05f90d30dc835,5000,9.80084749092,0,3.6403522339199994,1.8007670627,exp,0.818459391115,0.255622218635,51,42,-1,8,42,0,0,0,0,0,43,4,672909
249d83fcfe8643b0a97887443db3fe57,10000,20.9064644169,0,-8.127849377210001,-0.0749314395185,exp,0.82171401958800006,0.26754638641899997,43,9,-1,41,1,8,0,0,0,0,43,8,430447
6c70819885664bbf83c6d472627f69ad,5000,20.0840323185,0,0.005108549842899999,-3.58832198626,poly,0.958478381038,NA,3,3,-1,30,6,14,0,0,0,0,44,2,895142
4a21e2971ac64788830ab5b9676978cb,5000,27.8013058487,0,1.64748683435,2.84530689196,poly,0.972677139702,NA,1,2,-1,30,6,14,0,0,0,0,44,5,900192
6ae9ccbc7bf34754879f413ce9655623,5000,19.0153005913,0,-4.49465301492,7.281173901819999,poly,0.944339435997,NA,1,3,-1,30,6,14,0,0,0,0,44,4,121076
ccaf0ac44b314eb0ac59acdec4f57fe7,10000,20.1145490369,0,-0.296131839846,-1.09828626053,poly,0.956722204077,0.296974204373,1,2,-1,22,7,21,0,0,0,0,45,5,878528
428ef93d86594eb78a89ed2c2cbbb2de,5000,2.59238971981,0,-16.6559321863,-1.3595642956799998,poly,0.964209856992,0.328458738753,1,1,-1,0,21,29,0,0,0,0,45,7,127680
78d159ada3b74b8d955894a4c81dae3a,5000,2.3636167566,0,7.97566049342,1.42371349757,poly,0.948793043164,0.328458738753,1,2,-1,0,21,29,0,0,0,0,45,1,666923
21a496c53ab14471b63f710569378788,10000,18.0428413362,0,1.00818920961,0.0178199608103,log,0.942804921635,NA,33,45,-1,5,27,18,0,0,0,0,46,3,164788
24976ee65bd144329f8853e759dcd6ce,10000,29.4446751789,0,2.29413186849,0.027257121184,log,0.957409839878,NA,33,45,-1,5,27,18,0,0,0,0,46,5,37101
02da8cb6ac2b4eb1ad4f1d129219baf9,5000,22.0460059755,0,3.4602216415800005,0.0511222494274,log,0.955148555084,NA,36,33,-1,17,18,15,0,0,0,0,46,0,34504
ee166dd474f643a4b0a30eadb67f669c,10000,30.97532688,0,1.7997279477099999,0.0201933918707,exp,0.971318645926,0.318928988904,24,37,-1,13,10,27,0,0,0,0,47,6,30255
d493605b4861473c909c4a5a883233d0,5000,15.453684750799999,0,9.72376252663,0.144297841146,exp,0.931973396659,0.259730302172,48,36,-1,14,33,3,0,0,0,0,47,6,566210
24b5430f5d814e01915a944ef5228145,10000,19.7404027432,0,2.90186851059,0.035864051770199995,exp,0.9963152888979999,0.318928988904,24,37,-1,13,10,27,0,0,0,0,47,5,372161
731bc875a12e4789be0aa5b27c0b431d,5000,40.3793378668,0,0.0056484622178799996,4.31186124075,poly,0.8783187644730001,NA,3,1,-1,55,18,27,0,0,0,0,48,8,503667
127bb746a6994eaca7b8ae9ed990670c,5000,64.4588005767,0,0.0214310401101,1.29935746254,poly,0.848002640163,NA,2,2,-1,55,18,27,0,0,0,0,48,7,767112
4c25e466e83a42eb875a97b5e8e5be69,5000,63.571657217200006,0,0.0581124731886,7.734536961839999,poly,0.878504650042,NA,1,3,-1,55,18,27,0,0,0,0,48,5,625048
fd0c69b6f2054172811f35d7211de9b7,5000,68.63974462590001,0,1.45632943903,1.33675846927,poly,0.879413196295,0.22062394912900002,1,1,-1,58,35,7,0,0,0,0,49,2,499851
a021efd949e444fcad37e8a231af5646,10000,54.66089855479999,0,-0.176540569797,-0.433541790554,poly,0.850161396767,0.22010458223,1,2,-1,13,81,6,0,0,0,0,49,2,514072
745920136a6442f3972809ad6dcfc172,5000,51.166837747399995,0,0.165732751423,0.20271016735999997,poly,0.8462566798260001,0.22062394912900002,1,3,-1,58,35,7,0,0,0,0,49,8,605272
dff10a10a770494197d5cad7850bec44,5000,44.91022345,0,3.2606973518599998,0.5823561597169999,exp,0.851472135504,NA,62,95,-1,5,56,39,0,0,0,0,50,1,144146
8d94bf0f6fc644d39ac36b9ca8624488,5000,48.8779260149,0,-4.91932445493,-0.0263433601351,exp,0.833164748908,NA,62,95,-1,5,56,39,0,0,0,0,50,6,167740
cce5540803234649bf0c47b3b26527e7,10000,52.0693777253,0,-14.094025399300001,0.025317535868700003,log,0.8274178172490001,NA,42,81,-1,19,22,59,0,0,0,0,50,7,927546
d60da64c0a1f40acaf11fd2d05cf78ff,5000,66.06945217970001,0,3.6351816611300003,0.8787126945110001,exp,0.832537471399,0.2316161559,76,100,-1,0,75,25,0,0,0,0,51,4,871214
828b1525efcb44e981c1d2d6b01cfbec,5000,58.4486734555,0,-111.17760573700001,-0.0448122341357,log,0.846600442984,0.2316161559,76,100,-1,0,75,25,0,0,0,0,51,5,863802
2389efe022164035921b45ea291f4055,5000,64.53901817239999,0,-1.62259976815,-0.0165750106969,exp,0.8475987524009999,0.2316161559,76,100,-1,0,75,25,0,0,0,0,51,8,659498
38b93ae68070418fa9f3945c9840c002,5000,54.811829323599994,0,0.11435846711799999,5.5737022735,poly,0.981594265056,NA,1,1,-1,21,5,74,0,0,0,0,52,6,866554
579462947d9a442c8546880192a51e6c,10000,61.1379511171,0,-2.09032545021,-6.500160491030001,poly,0.92240491839,NA,1,2,-1,0,27,73,0,0,0,0,52,4,107646
205f1b2c64ef4cf495bda5c06ad0e90b,10000,36.5302687444,0,0.177585582376,-4.867500228969999,poly,0.948307547848,NA,2,3,-1,0,27,73,0,0,0,0,52,9,940070
7dd5a21366b34a42a81b551be78012f9,10000,65.94629059569999,0,0.107139359144,0.125867423695,poly,0.973697384561,0.217147240952,1,1,-1,78,22,0,0,0,0,0,53,7,666483
5aae0fead9834606af27e292a30ac218,10000,50.7450954745,0,-28.582810594,0.47788947512900004,poly,0.9506934285259999,0.217147240952,3,2,-1,78,22,0,0,0,0,0,53,6,955568
5ef1112037684fc0902bf9d721bc72b6,5000,51.638376440100004,0,-0.696168594225,-0.293423587735,poly,0.9487806349719999,0.239556115747,1,2,-1,54,11,35,0,0,0,0,53,2,857653
d9e2c704345b40e990315d4f8f077b5e,5000,55.848760904799995,0,-0.241552770836,-0.00573676044203,log,0.9590099000669999,NA,40,62,-1,38,1,61,0,0,0,0,54,5,251400
8e1645196d184604a68d827b6560279e,10000,49.0644456285,0,15.9174028043,13.206263838,exp,1,NA,54,82,-1,18,35,47,0,0,0,0,54,7,496614
2177de4c71644bdd9a51d37e27810f95,5000,58.3737587874,0,31.9625155412,-0.165934143845,log,0.9551972974200001,NA,40,62,-1,38,1,61,0,0,0,0,54,4,129262
3779a0a83d654c0886753cbb4c8cc436,10000,51.8962986867,0,6.18934835306,-0.08907726506960001,log,0.980630278484,0.261189256564,47,62,-1,38,8,54,0,0,0,0,55,6,265627
29a268ccc2dd4036b399cdd98ef0f21b,10000,67.0736401826,0,-0.320783491091,-0.006276585666939999,log,0.946331429666,0.261189256564,47,62,-1,38,8,54,0,0,0,0,55,1,666230
c6600706af8a4ac784d109f09c22b465,5000,45.534374622200005,0,-45.6896919077,1.1100447359399999,log,0.938374775016,0.271085030682,41,94,-1,6,34,60,0,0,0,0,55,3,728320
8f0f42364a5f46b69e84f2aaf7dc6498,10000,37.115450353599996,0,-0.147053368243,-1.26716257107,poly,0.837880860792,NA,2,2,-1,43,8,49,0,0,0,0,56,4,309941
75f102b59b3a4ba2a5ba37961088ca92,5000,6.954024010639999,0,-3.4235812536299997,1.29268355867,poly,0.8539371471930001,NA,1,3,-1,8,10,82,0,0,0,0,56,2,335204
63f50e1c470d4c55b8a99cd39d64652c,10000,24.4932926076,0,-0.336222329512,-3.5656762617,poly,0.873299984512,NA,1,1,-1,43,8,49,0,0,0,0,56,1,19301
b1912233b3214a0a9cdd24759a4ff680,10000,28.0003255777,0,-4.0459162049,1.54789820322,poly,0.8661320130600001,0.27905531327599997,2,1,-1,35,1,64,0,0,0,0,57,6,400252
1c66884ff233411f93b2c665658f3286,5000,24.513040294699998,0,0.347755651835,-0.6025023237789999,poly,0.855298357304,0.226926187917,1,1,-1,52,30,18,0,0,0,0,57,5,897696
e7739d6f6cdc4493a095b619a9ae415f,10000,36.7934115418,0,7.087245111950001,0.974960917236,poly,0.811891376171,0.27905531327599997,1,1,-1,35,1,64,0,0,0,0,57,9,306573
15167ac8f7024d48a77583888fac489d,5000,29.2746965231,0,0.436973024256,0.0113627905635,log,0.8490537354100001,NA,48,86,-1,14,33,53,0,0,0,0,58,4,731507
8ae42e6d44c747b0bdb33113c633174e,5000,22.4935372236,0,-9.12996280989,-0.0320035075377,exp,0.826503066165,NA,48,86,-1,14,33,53,0,0,0,0,58,1,124608
bdeb3a983e9244cd803a296cf0b3f2e2,10000,13.125190229100001,0,-2.4273264675,-0.019518933033599997,log,0.848780437614,NA,35,96,-1,4,30,66,0,0,0,0,58,4,968173
102a3372855b481daf58ee4f30798c78,5000,26.756487131799997,0,0.0883286778696,4.14901441648,exp,0.861897428779,0.22755980665699999,82,67,-1,33,48,19,0,0,0,0,59,4,966705
37efe733d9de421fbc8ed5fc49548696,10000,30.0187218551,0,5.373070472949999,0.598331162745,exp,0.85967524058,0.22953106112399999,79,64,-1,36,42,22,0,0,0,0,59,4,943236
3a25f9dc1e484d6eb460d0ef52535c1f,5000,26.2140591117,0,-4.35978997022,-0.025858702922900004,exp,0.8664039792460001,0.22755980665699999,82,67,-1,33,48,19,0,0,0,0,59,2,565692
2b963f2651b6434da4da52da4bd6fb83,5000,30.8446358555,0,3.72526720866,9.89946888146,poly,0.993121735397,NA,1,3,-1,22,33,45,0,0,0,0,60,6,202903
f5839147f4284d698add30219b7d7dd9,10000,27.718937901100002,0,0.09184616324660001,0.7783361643260001,poly,0.934205047278,NA,1,2,-1,75,22,3,0,0,0,0,60,7,472045
a6f29f8caddc49e19cbaffc797b19ced,10000,32.098187709499996,0,2.18220477926,-3.21563902107,poly,0.969120799472,NA,1,1,-1,75,22,3,0,0,0,0,60,0,83720
76c73e28d50442b587a6e3d99cef2223,5000,2.1737236679799996,0,0.0251831366326,1.6747394447400001,poly,0.9832474983480001,0.23459420572200002,2,2,-1,14,57,29,0,0,0,0,61,5,176692
68553eeb183449029727815685a64328,5000,28.021612126100003,0,0.059156417753099995,1.1006491784,poly,0.950025915376,0.23459420572200002,2,1,-1,14,57,29,0,0,0,0,61,9,856101
cb13078f54b441a09a23294a8cf3f20f,10000,39.835450196,0,-0.256318839897,0.243485211556,poly,0.988752802323,0.232338493574,1,2,-1,64,10,26,0,0,0,0,61,1,144517
1655c8e6e0594ec5a7cad780c3189ea1,5000,13.198638257699999,0,-0.428140916119,-0.011406429111899999,log,0.9769701012299999,NA,88,50,-1,50,37,13,0,0,0,0,62,2,11430
ae021576c9b248b5942fbc7c1a0539df,10000,32.8863643758,0,6.24882671531,25.981569103800002,exp,0.9407231558679999,NA,59,59,-1,41,17,42,0,0,0,0,62,6,726517
fd89a25bdb8543d48ae6770a37a92d62,5000,6.9085991273100005,0,10.5401360787,0.035288960194,exp,0.9304199202,NA,88,50,-1,50,37,13,0,0,0,0,62,6,497033
8a4af78a890941b6b1648c90449072b8,5000,3.88317316839,0,-6.25862828365,-0.058220487822799996,exp,1,0.22755980665699999,82,24,-1,76,5,19,0,0,0,0,63,5,272093
bf283c2e0ae34acc86d076409da57f2c,5000,19.876934178699997,0,-3.8750821784599996,0.155680931833,log,0.9434615751659999,0.22755980665699999,82,24,-1,76,5,19,0,0,0,0,63,2,962749
0e8e6d1a5d074eb4a7b566650598a981,10000,9.52363706885,0,-2.5713821451700003,-0.0236944742083,exp,0.950371413618,0.217147240952,101,71,-1,29,71,0,0,0,0,0,63,7,471444
